0	 14.831692	 20.257303	 24.142742	 -0.294805	  0.871890	  0.271467	
1	 27.607656	 25.932537	 22.706234	  0.199785	  0.186894	  0.796765	
2	 24.510611	 12.260293	 11.469496	  0.277054	  0.424287	 -0.200241	
3	 13.777101	 11.519609	 18.767675	  0.246052	 -0.670613	  0.176210	
4	 16.229467	 25.101021	 27.059540	 -1.208276	  0.240424	  0.160776	
5	 26.023811	 18.354544	 11.830450	  0.214317	 -0.414288	 -0.256379	
6	  2.503627	  5.078696	 21.552393	  0.227962	 -0.019880	 -0.533743	
7	 26.331146	 24.476828	 22.897722	 -0.002355	  0.647807	 -0.633545	
8	 19.899242	 11.777318	 19.457478	  0.525397	 -0.512945	 -0.056759	
9	  2.646748	  4.202626	 21.686522	 -0.116344	  0.411848	 -0.312858	
10	 27.811541	 16.857878	  0.271999	 -0.802628	 -0.150766	 -0.276058	
11	  0.234201	 27.028582	 20.020926	  0.317031	  0.438743	  0.425791	
12	 25.816357	 10.264821	 14.542563	 -1.171833	  0.983052	 -0.364179	
13	 19.248259	 13.298619	  4.383944	  0.775872	  0.870898	  0.555219	
14	 15.524484	 21.075071	 14.507799	 -0.593974	 -0.862024	  0.210057	
15	  0.478565	 27.970396	  1.760811	  0.238633	  0.077048	  0.330879	
16	  6.111573	 19.755062	 13.485809	  0.337815	  0.444389	 -0.314792	
17	 28.742750	 11.513356	  5.116892	 -0.205245	  0.315143	  0.239427	
18	  9.219885	 15.909258	 19.652557	  0.709129	 -0.250014	 -0.068708	
19	 27.314259	  0.070580	 24.990589	  1.119979	  0.515511	 -0.120307	
20	 19.460461	 11.297219	 12.596995	 -0.253377	 -0.729466	  0.161476	
21	  6.411306	 12.284043	 27.664175	  0.296326	  1.004037	 -0.018137	
22	 18.906391	  2.402746	  8.845260	 -0.584280	 -1.110300	 -0.370251	
23	 26.876125	  5.081787	  0.971088	 -0.197567	  0.172913	  1.115307	
24	 24.275694	 10.652992	 19.141541	  0.324433	  0.024225	 -1.244049	
25	 13.929547	 29.541489	  3.156141	  0.774172	 -0.037846	  0.301202	
26	 24.015011	 22.767441	  1.178251	  0.162943	 -0.135031	  0.924724	
27	 25.864710	 15.270717	 18.432999	  0.147652	 -0.550143	 -0.200550	
28	  3.941878	 23.249071	  3.751248	  0.198745	  0.288237	  0.112099	
29	  4.458981	 16.994963	 23.514345	  0.371817	  0.290180	 -0.860007	
30	  9.877797	 23.419363	 19.124935	 -0.030628	  0.101646	 -0.070478	
31	 25.912767	 16.975420	 28.538202	  0.568096	 -0.227207	 -0.715610	
32	 12.938522	 23.852240	 21.835026	 -0.044418	  0.160470	  1.018349	
33	 21.913818	 15.797227	 27.989725	  0.007848	  0.233236	  0.061645	
34	 23.602680	 13.869286	  4.758944	  1.662251	 -0.586970	 -0.418649	
35	  8.605907	  7.571234	  0.109116	  0.521953	  0.319263	  0.645838	
36	 23.954687	  3.265978	  7.812107	  1.616012	 -1.133376	 -0.854861	
37	 10.770411	 22.687248	  3.246572	 -0.018256	 -0.010968	 -1.505180	
38	 28.784925	 15.902395	 27.138454	 -0.679979	  0.992015	 -0.511171	
39	 13.317334	 26.519299	  1.091511	  0.632917	 -1.318140	  0.032072	
40	 11.435282	 14.273067	  3.990579	  0.005645	 -0.063194	  0.096792	
41	  5.321231	 13.291499	  1.916096	 -0.198555	  0.259719	 -0.488092	
42	  6.425629	  4.616769	 10.316341	  0.631655	  0.974531	 -0.266610	
43	 25.810753	 19.093910	 15.066784	  0.066196	 -0.419158	 -0.189559	
44	  9.250737	 18.590759	 23.039255	 -0.277221	  0.257653	 -0.048060	
45	 28.277134	 21.179453	 28.629789	 -0.247221	 -1.335467	 -0.331395	
46	  5.436048	 17.755276	 10.459048	  0.165731	  0.131111	  0.500605	
47	  7.989057	 19.101400	 12.164994	 -0.320152	 -1.246522	  0.134979	
48	 27.806189	 26.000547	  2.652262	 -0.335867	  0.535546	 -0.515888	
49	 23.976643	 15.267438	  3.960430	 -0.498177	  0.155216	  0.407639	
50	 20.987364	 10.978344	 20.122530	 -0.765742	  0.069493	  0.188244	
51	  0.474526	  0.290589	 28.906837	 -0.041941	  1.098270	  0.017594	
52	 22.345966	 17.887827	 12.596151	  1.040192	 -0.881946	 -0.232659	
53	 18.808037	 11.520457	 20.806192	 -0.025944	  0.222945	  0.480489	
54	 17.105009	  7.643788	 25.735241	  0.011324	  0.090896	  0.049666	
55	 10.631353	  9.081769	 16.896189	 -0.891270	  0.591266	  0.429862	
56	 23.123367	 16.243378	 26.763605	 -0.940989	 -1.012224	  0.185373	
57	 26.067593	 16.965019	 17.455484	 -0.765009	 -0.148119	  0.547843	
58	 22.709139	 26.422508	 23.973986	 -0.543950	 -0.672812	  1.157766	
59	 29.496529	  3.171858	  0.401019	 -0.514737	 -0.477475	 -0.600068	
60	 13.736409	 15.267426	 25.192722	  0.835426	 -0.879086	 -0.173604	
61	 26.341990	 25.741098	  2.798990	 -0.505654	 -0.050619	  0.676568	
62	  1.743914	 17.966846	 26.930477	 -0.082486	 -0.909201	 -0.394847	
63	 16.084246	 16.759695	 29.186626	 -0.676903	 -0.219456	  0.795024	
64	 16.767889	 19.973257	 18.437822	 -0.025846	  0.142293	 -0.634481	
65	 23.763636	  0.495708	 13.475207	  0.416520	 -0.035643	  0.694078	
66	 10.881526	 22.020905	 25.292414	  0.344467	  1.167294	 -0.802515	
67	 27.407223	  1.718094	 14.006458	 -0.650181	 -0.213396	 -0.444897	
68	 16.058460	 12.897127	  6.166744	 -0.280713	 -0.555431	 -0.377198	
69	 16.302652	 25.875420	 18.065754	 -0.887944	  0.084331	 -0.229252	
70	  3.197978	  8.167509	 25.325901	 -0.231037	 -0.029495	  0.700345	
71	  5.145780	 26.598404	 23.510212	 -0.431290	 -0.303488	  0.211561	
72	 17.040737	 13.733503	 22.462866	  0.616116	 -0.651975	 -0.576228	
73	 29.009512	 14.801418	 19.883118	  0.093490	  0.415903	  0.004283	
74	 13.174789	  8.433403	 23.852634	 -0.091790	  0.224181	 -0.962821	
75	 15.709026	 20.908974	 25.122858	 -0.071666	 -0.435268	 -0.707799	
76	  0.678156	 29.850878	  7.347240	  0.323099	  0.268492	  0.245558	
77	  2.402259	 21.327330	  1.878737	  0.441351	  0.059127	  0.913112	
78	 26.978170	  2.744958	 15.973099	  0.762059	  0.334355	  0.032544	
79	 17.398335	 16.261309	 27.100481	 -0.730409	 -0.386881	  0.216360	
80	  0.548218	 29.739201	  3.630581	  0.679606	  0.289986	  0.059636	
81	  5.142035	  0.955183	  6.095392	 -0.330424	 -0.642246	  0.381712	
82	  5.430755	  4.770732	 15.529190	  0.269361	  0.871104	 -0.153366	
83	 11.967596	 25.177164	 19.890600	 -0.510097	 -0.380156	 -0.142573	
84	  2.455266	 18.979540	  4.997489	 -0.161029	  0.094922	  0.335024	
85	 19.445986	  4.605134	 27.676258	 -0.673008	  0.122653	  0.482785	
86	 23.350866	  5.399011	  4.278796	  0.074104	 -0.947391	  1.263729	
87	 20.559849	  5.814486	 25.207344	  0.085803	  0.373355	  0.312699	
88	 23.833158	 21.558022	 24.118559	  0.116286	  0.867004	 -0.065277	
89	 27.011293	 28.755802	 28.101389	  0.221789	  0.040638	 -0.721758	
90	 11.406174	 14.567502	  3.313779	  0.086880	 -0.185485	  0.587156	
91	 26.331537	 24.551689	 22.037638	 -0.372748	  0.109748	 -0.229760	
92	  4.418656	 12.044657	  7.663527	  0.287956	 -0.169448	  0.571671	
93	 29.319153	 24.750980	  3.748067	  0.025887	 -0.023568	  0.369718	
94	 11.591843	 29.147909	 14.568198	  0.020627	 -0.139368	 -0.018194	
95	  3.668932	  7.240005	 26.172590	 -0.008103	 -0.570936	  0.201474	
96	  6.982015	 11.069620	 28.207159	 -0.017187	 -1.012114	  0.697624	
97	 25.676439	  1.382465	 14.635777	  0.360010	 -0.318053	  1.001235	
98	  4.014470	 27.160290	 22.701601	 -0.723722	 -0.512195	 -0.101398	
99	 17.151520	 18.879368	 13.552810	  0.327316	 -0.221596	  0.083725	
100	 13.178284	 26.971148	  8.154792	 -1.091490	  0.907018	  0.087694	
101	  6.382594	 27.723372	  6.475371	 -0.309778	  0.667597	 -0.536860	
102	 25.208685	 14.479662	  6.529903	 -0.010446	 -0.747799	 -1.902493	
103	 20.642754	 11.119423	 11.611774	 -0.260921	 -0.975726	 -0.715865	
104	  0.394039	 25.583179	 28.294899	  0.501456	  0.431839	  0.200677	
105	 13.805104	 18.444794	 24.811907	  0.022291	  0.269237	  1.320949	
106	 23.760445	 24.337357	 19.689108	  0.500987	  0.750878	 -0.048036	
107	 11.737178	 21.244852	  5.230182	  0.430111	  0.743933	 -0.629632	
108	  1.209328	 17.613033	  1.726758	  0.435144	 -0.558108	 -0.849967	
109	 23.608135	 29.710831	  9.109021	  1.022674	  0.391125	 -0.520418	
110	  2.988757	 18.657104	  0.944012	 -0.277238	 -0.637143	 -0.397960	
111	 19.913191	 18.834930	  4.808765	  0.680880	 -0.065080	  0.871803	
112	 26.106287	 23.146887	 19.069571	 -0.678167	 -0.766883	  0.841394	
113	  3.820977	 18.381842	 27.746019	 -0.268760	 -0.399610	  1.039407	
114	 12.159218	  3.620270	 25.247356	  0.229668	  0.040001	  0.775168	
115	 14.705582	 18.262638	 13.762403	  0.354531	 -0.482280	 -0.786807	
116	 17.836229	 18.950045	 25.403627	  0.390987	 -1.318532	  0.194522	
117	 28.470856	 12.923391	 16.278809	 -0.917295	 -0.450782	  0.686753	
118	  0.430237	  9.503263	  6.950958	 -0.256077	  0.173912	 -0.327424	
119	 24.591352	 23.134106	 10.779460	  1.146912	  0.301738	 -0.855542	
120	 24.590734	  7.472437	  1.864635	 -0.685047	 -0.168554	  0.258637	
121	 18.147488	 17.470171	 11.383427	 -0.867379	  0.352782	 -0.233426	
122	 19.467657	 14.903708	 15.323663	  0.839087	 -1.237654	  0.814121	
123	 28.703775	  0.248450	 24.157206	 -0.600440	 -0.637530	 -0.537590	
124	  7.594266	 25.005318	 12.879331	  1.119869	  0.002515	  0.106292	
125	  4.803235	  6.127308	 23.168560	 -0.004780	 -0.355867	 -0.385430	
126	 27.220896	  6.536846	 22.236116	  0.339637	  0.531192	 -0.115479	
127	 13.964835	 26.287207	 25.016989	 -1.248344	  1.410288	 -0.138188	
128	  1.352249	 24.154230	  2.406443	  0.057973	 -0.349792	  0.680062	
129	 10.215601	 24.376450	 29.567703	 -0.441024	  0.412307	  0.946802	
130	 27.814579	 23.134171	  2.481986	 -0.673060	 -0.002450	 -0.726248	
131	 25.633842	 28.710278	  1.469618	 -0.052394	  0.578824	  1.056242	
132	  4.336433	 23.463472	  1.111009	 -0.153291	 -1.306682	 -0.119649	
133	 17.408274	 13.746838	  2.217830	  0.061401	  0.140631	 -1.619511	
134	 17.361279	  9.411819	 13.084055	 -0.831282	  0.745226	  0.736206	
135	 12.510566	 22.272865	  8.041458	  0.153067	  0.027865	 -0.806324	
136	  9.547724	 10.930576	 22.666471	 -0.280675	  0.073284	 -0.776522	
137	 20.122124	  9.471981	  1.391656	 -0.152023	 -0.228038	  0.713962	
138	  4.304542	 13.762334	 23.335230	  0.546392	 -0.151159	 -0.559348	
139	 15.754869	 24.108738	 10.863667	 -0.111741	  0.531503	  0.136208	
140	 25.449224	  1.232549	 12.160901	  1.488795	 -0.184152	  0.343127	
141	  1.571165	  6.145435	  3.125829	  0.629733	  0.018875	  0.738227	
142	 14.073380	  1.580116	 10.067837	 -0.379264	 -0.050063	 -0.199646	
143	  8.542049	  9.491968	  1.986249	  0.451046	  0.090998	  0.384701	
144	 23.342127	  8.319723	 25.614235	 -0.165798	 -1.243971	  0.445385	
145	 18.878321	 17.791786	 10.634432	  0.774106	 -0.088798	 -0.443707	
146	 25.418478	 23.985271	 25.845945	  0.143080	  0.863832	 -0.372995	
147	  1.729915	  7.258317	 22.480255	  0.169134	  0.219048	 -0.012658	
148	 16.820721	 24.871643	 15.199626	 -1.037160	  0.427952	 -0.255868	
149	 27.360292	 13.561983	 23.927692	 -0.348346	  0.695660	  0.179692	
150	  9.415288	 12.556458	 14.343030	  0.262454	 -1.301657	  0.807546	
151	 23.443933	 16.724869	 11.744150	 -0.474968	 -1.176506	  0.252671	
152	  4.631183	  5.844679	 15.707071	 -0.570123	  0.034547	  0.201603	
153	 24.440741	 25.384497	 16.437738	  0.069086	 -0.294315	  0.477557	
154	 20.323610	 25.285854	 20.460625	 -0.226249	 -0.301748	 -0.292944	
155	 27.427788	 22.985973	 21.555145	 -0.533879	  1.413701	 -0.179029	
156	  4.547760	 19.673500	 15.017189	  0.084094	 -0.355476	 -0.676567	
157	  2.608956	 27.695131	  2.835372	  0.173356	 -0.601707	  0.673796	
158	  3.518216	 14.132699	 12.556033	 -0.894538	 -0.178783	 -1.262042	
159	 28.592056	 28.171810	 22.312155	 -0.486498	  0.959124	 -0.116578	
160	 28.983191	 29.815784	  0.304590	 -0.821583	 -0.130035	  0.266915	
161	  8.671348	 24.995445	 26.882116	  0.757187	 -0.854257	  0.421666	
162	  1.689052	 28.851248	 15.515656	  0.211155	  0.229516	  0.065557	
163	 19.654419	  1.186357	  4.066177	  0.938570	 -0.356588	  0.302443	
164	 25.390169	 14.634140	 20.168196	  0.603828	  1.064420	 -0.330552	
165	 20.540237	 17.649179	 22.372709	  0.414543	 -0.421251	 -0.188371	
166	 16.476002	 25.307013	 19.795664	  0.098751	 -0.484958	  0.277469	
167	 24.653664	 26.098129	 16.929338	  0.134204	  0.457003	 -0.343089	
168	 28.558905	 19.221317	 29.827747	 -0.153689	  1.663687	 -0.666273	
169	 25.447639	  3.253823	 16.554447	  0.623687	  0.108038	  0.696412	
170	  5.338087	 15.234982	 13.544046	 -0.240029	  0.680616	 -0.462066	
171	 17.809866	 20.090622	 17.281860	 -0.386756	  0.404445	 -0.210909	
172	  1.067558	 12.988083	 28.843943	 -0.853826	  0.567034	 -0.403579	
173	 22.472540	 28.860979	 28.999647	 -0.435054	  0.111565	 -0.154422	
174	 16.800455	  9.808125	  6.029546	 -0.663861	 -0.206320	 -0.287640	
175	 23.111290	 10.223053	 26.061457	  0.511574	 -1.001402	 -0.022775	
176	 11.589766	 10.058389	 23.169031	 -1.172462	 -0.027858	 -1.349920	
177	 10.053646	 21.051317	 28.200148	  0.651698	  0.612024	 -0.194668	
178	 10.873494	 27.500530	 25.174713	  1.548734	 -0.325968	  0.094708	
179	 21.917683	  6.232108	  1.452316	 -0.213762	  0.201521	  0.649786	
180	  5.321972	 24.555126	 17.088779	 -0.352905	  0.119258	 -0.432794	
181	 18.385338	 24.820276	 16.101580	  0.634641	 -0.158800	 -0.347968	
182	  5.475530	  1.550357	 14.311266	  0.534007	  0.028706	 -0.548120	
183	 15.683922	 14.999528	 19.500481	 -0.350690	 -0.413718	 -0.687851	
184	  1.960299	 19.214317	  8.628632	  1.319960	  0.551659	  0.329905	
185	 26.072144	 12.869438	  4.880206	 -0.556077	  0.612614	  0.168121	
186	 15.266088	 18.066008	  5.245492	  0.098306	 -0.022271	  0.624862	
187	  6.609488	 26.549067	 21.604607	 -0.325379	  0.557191	  0.166751	
188	 20.899212	 20.646734	  7.226758	 -0.535459	 -0.577661	  0.049431	
189	  1.292428	 18.874353	 24.640232	  0.231262	  0.827667	  0.015244	
190	 13.334823	 21.794649	 11.976136	 -0.136440	  0.249066	  0.620415	
191	 16.367378	 21.528250	 15.000433	  1.051160	  0.999359	 -0.487404	
192	 14.195644	  3.148714	 22.037914	  0.087760	  0.304160	 -0.848858	
193	  7.858454	  3.315837	  9.951733	 -0.306321	 -0.080992	 -0.208623	
194	 27.470165	 12.069468	 30.020996	  0.782777	  0.379287	  0.703147	
195	 18.901548	 15.204840	 17.198702	  0.206337	 -0.270042	 -0.553818	
196	 19.913761	 14.021521	  1.418617	  0.427772	  0.870294	 -0.455256	
197	  0.787760	  0.909980	  4.567376	 -0.265604	 -0.239497	 -0.361441	
198	 23.941469	 19.493093	 17.498343	 -0.179256	 -0.294905	  0.221393	
199	 12.818689	 19.114368	 29.318886	 -0.486102	 -0.991251	 -0.913113	
200	 26.897221	 24.524151	 22.449350	 -1.393306	  0.167789	 -0.446741	
201	 25.704897	 19.285089	  0.413530	 -0.614399	  0.400320	  0.124584	
202	 10.524753	 24.620899	 17.687452	  0.293461	 -0.070911	 -0.403651	
203	 23.799356	 19.332970	 20.488302	 -0.057612	 -0.501102	  0.476632	
204	 12.188742	 25.396496	 12.951243	 -0.486062	 -0.458875	  0.007896	
205	  4.058520	 10.060200	  9.360870	  0.841946	 -0.193691	  0.350021	
206	  4.404217	 25.341944	 29.779919	  0.705698	  0.251150	  1.618065	
207	 24.938795	  2.637729	 26.510603	 -1.519592	  0.340962	 -0.606510	
208	 16.100657	 21.699127	 20.096476	 -0.795233	  0.519720	 -0.495283	
209	 26.223644	 10.558878	  7.004251	  0.152274	  0.253237	  0.346360	
210	 23.820978	  8.134750	 18.088202	  0.828403	 -0.006775	 -0.646739	
211	 27.693811	 14.210343	  4.490776	  0.142136	 -0.470945	 -0.100339	
212	  5.374592	 22.388432	 15.698322	 -0.254353	  0.189294	 -0.117351	
213	  4.886530	 16.251652	 11.758472	  0.461630	 -0.575056	 -0.765846	
214	  2.387657	 10.966192	 26.960772	 -0.857253	 -0.686840	 -0.464201	
215	 19.230812	 13.347554	  2.420361	  1.044224	  0.222517	 -0.412772	
216	  1.318462	 28.423334	 20.273121	  0.359319	  1.118020	 -0.454858	
217	 13.676086	 23.134777	 29.279018	  0.896785	 -0.294982	 -0.734565	
218	 23.926413	  8.566335	 21.470007	  0.333310	 -0.405219	 -0.297150	
219	 20.919073	 29.610241	 18.989468	  0.335501	 -0.163884	 -0.952237	
220	  4.375808	 17.325478	 13.323501	  0.802155	  0.064683	  0.600980	
221	 21.261700	  9.391626	 18.214687	  0.336477	  0.473707	  1.126905	
222	 18.523027	 26.383612	 25.354397	 -0.657705	  0.820093	 -0.657686	
223	  6.909245	 12.337591	  7.917227	  0.623553	 -0.717195	 -0.436949	
224	 15.419146	 12.837404	 19.671396	 -0.208218	  0.039824	 -0.053428	
225	  5.389613	  1.259266	 27.508055	 -0.062238	 -0.198267	  0.064781	
226	  8.177789	 10.702784	 20.445221	  0.054556	 -0.038481	 -0.603693	
227	 21.767078	  3.103937	  5.888935	  0.926824	  0.155561	 -0.393368	
228	 16.274540	 10.498558	 27.399027	  0.958040	 -0.649203	 -0.364025	
229	 25.586510	 17.016409	 19.710909	  0.176391	 -0.412570	 -0.354843	
230	 11.574313	 13.757072	 14.294973	 -0.044220	  0.555703	  0.282488	
231	  3.369146	 10.247319	 10.393254	 -0.264581	  1.429227	  0.148993	
232	 13.335436	 10.063709	 18.785210	  0.503495	  0.278837	 -0.166204	
233	 29.488092	 21.750500	  7.463768	  0.594373	  0.432678	  0.771801	
234	 15.022373	  3.043797	  7.844797	 -0.848761	 -0.407040	 -0.083958	
235	  5.748552	 28.417931	 17.749336	 -0.569341	  0.135822	 -0.845342	
236	 13.574417	 20.431713	 19.464251	  0.385181	  1.115490	 -0.649231	
237	  5.856032	  4.196417	  7.139434	  0.549077	 -0.457746	  0.702270	
238	 29.187618	 18.859520	 12.020744	 -0.128655	  0.060944	  0.243575	
239	  8.312037	 13.933449	 11.127250	  0.576093	 -0.107292	  0.951525	
240	  1.937200	  2.829188	 19.278809	 -0.164189	 -0.808921	  0.754134	
241	 11.029585	 21.829035	 17.703121	  0.609643	  0.051747	 -1.020180	
242	 27.677544	 12.452158	  5.350343	 -0.000962	 -1.285885	 -0.308084	
243	  7.486005	 24.549129	 20.070324	 -0.035678	  0.494000	 -0.000518	
244	 10.259721	  0.247400	 17.423822	  0.142766	  0.870307	  0.372022	
245	 27.885958	  7.620792	 29.891136	  0.532408	 -0.109450	 -0.441741	
246	 19.414450	 22.455574	 25.594376	 -0.530910	 -0.373005	 -0.686603	
247	  8.425127	 17.789310	  4.073886	 -0.116620	  0.562459	 -0.112891	
248	  0.090005	 16.141521	 22.807184	 -0.027403	  0.430787	  0.726822	
249	 13.487374	  3.258568	  1.699846	  1.406636	  0.681842	 -0.393415	
250	  8.630685	 28.963854	  8.145034	 -0.140105	 -0.073511	  0.846472	
251	 29.826733	  6.587811	 11.747710	 -0.246118	 -0.426445	 -0.200140	
252	  5.359085	 19.246405	 24.905796	 -0.227782	  0.638636	 -0.983202	
253	 15.322472	 11.223527	 27.465347	  0.235638	 -0.071541	  1.008754	
254	  3.823409	 18.701714	 22.620464	 -0.531662	  1.195212	 -0.714847	
255	 29.629732	 12.275209	  3.738540	 -0.883962	  0.095039	  0.132647	
256	 17.185156	 29.056963	 22.233362	  1.706425	 -0.244190	 -0.246814	
257	 29.348932	  0.761447	 13.931105	 -0.313086	 -0.728863	 -1.055543	
258	 15.195227	 16.070005	 29.779894	 -0.491944	  0.293022	  0.076787	
259	 27.373039	 28.157400	  5.977533	  0.525743	  0.500166	  0.383693	
260	  2.512474	 28.240746	  0.952833	 -0.244539	 -0.618867	  0.500271	
261	 17.277937	  2.358847	 21.752779	  0.407727	  0.638522	 -0.023372	
262	  8.256166	 15.794662	  6.158729	 -0.407283	  0.079656	 -0.310193	
263	  1.587047	 20.361069	 18.705666	 -1.374051	  0.991983	 -0.546667	
264	 29.144310	 19.858128	  2.291536	 -0.463076	  0.671181	  0.533859	
265	 12.852265	  1.270092	 14.947181	  0.013603	 -0.182179	 -0.124691	
266	  2.783105	 28.790306	  7.230444	 -0.007886	  0.195351	  0.595078	
267	 19.935976	 27.281195	 23.761169	 -0.159058	 -0.639362	 -1.300358	
268	 17.208673	 17.719547	 10.374702	 -0.247726	 -0.683761	  0.202561	
269	 19.449968	  3.391966	 14.627682	 -0.936517	  0.755361	  0.982711	
270	 14.356089	 13.206886	 19.161407	 -0.600922	 -0.432204	  0.034239	
271	 27.463219	 27.338631	 12.467262	  0.068699	  0.051312	 -0.834206	
272	  0.083942	 10.271957	 28.095407	  0.065842	 -1.689515	 -0.320621	
273	 11.526017	  2.500246	 18.484840	  0.961407	 -0.467619	  0.966287	
274	  6.982343	 27.298491	 25.700714	 -0.110187	 -0.770406	 -0.173603	
275	 14.907063	 20.142231	  4.091019	  0.362299	  0.287914	  0.148345	
276	 14.576887	  4.759285	  8.111791	  0.473343	  0.586978	 -0.551278	
277	  7.453589	  8.323962	 11.655232	 -0.000522	 -0.673194	  1.076588	
278	  7.549103	  0.991490	 29.197220	 -0.318598	  0.418681	 -0.994827	
279	 29.168789	 14.880251	  7.911980	 -0.223117	 -0.565808	  1.056862	
280	  0.458513	  4.316463	 10.631773	  0.019629	  0.327689	 -0.479128	
281	 21.055298	 28.068769	 22.403923	 -0.275424	 -0.282601	 -0.436832	
282	 28.382061	  2.197268	  4.512135	  0.238055	 -0.393762	 -0.715213	
283	 10.034433	 20.482647	 18.038982	  0.219430	 -0.725383	 -0.559373	
284	 27.208326	 23.660435	 13.708457	 -0.829805	 -0.209697	 -0.494336	
285	  0.456197	  6.451508	  6.302167	 -0.365261	 -0.603265	 -0.755592	
286	 22.944670	 11.539784	 26.619627	  0.392652	  0.516451	  0.274033	
287	 19.061722	 21.418938	 13.200941	  0.192437	  1.018962	  0.492514	
288	 18.101074	 19.478315	  3.785442	  0.756327	  0.426121	 -0.627190	
289	 20.304527	  5.155124	 14.187228	 -0.346917	  0.158875	  0.226569	
290	  7.781281	 26.531673	 22.398376	 -0.480183	  0.981622	 -0.132352	
291	  5.167923	 19.918596	  7.541007	  0.554741	  0.124183	 -1.329353	
292	 20.115858	 24.769848	 12.547898	  0.453699	  0.455948	 -0.675687	
293	 11.556507	  3.903491	 13.560449	  0.070855	  0.321349	 -0.450603	
294	  6.570756	 27.752634	 28.236050	 -0.154270	 -0.660639	  0.208884	
295	 24.022594	 25.157143	 19.819658	 -0.525027	 -0.530568	 -0.107199	
296	 26.974024	  4.333888	  7.399788	  0.191291	  0.223109	 -0.024207	
297	  2.970173	  4.158684	 10.791613	 -0.187823	  0.336007	  0.505827	
298	  6.695220	 20.957613	 27.772760	  0.096299	  0.201307	  0.489565	
299	 23.344608	 22.951506	  9.040353	  0.601160	 -0.046014	  0.245311	
300	 24.307985	  3.892987	  1.885435	  0.158154	  0.592743	  0.373015	
301	 12.037012	 17.302299	 23.458563	  0.210890	 -0.301842	 -0.236735	
302	 28.923317	  5.729591	 20.263746	  0.095382	  0.011858	 -0.369023	
303	 11.478193	 17.430521	  2.826006	  0.936846	 -0.234299	 -0.424026	
304	 11.360657	  2.493145	 10.370075	 -0.730942	  0.132804	  0.442891	
305	 19.757175	 15.304516	  5.167551	  0.307322	 -0.686073	  0.180507	
306	  4.680843	 13.117451	 21.881807	 -1.033632	  0.377849	 -0.634238	
307	 10.916312	 24.064476	 29.247746	 -0.222692	 -0.594200	  0.304569	
308	 25.034765	 12.161222	 27.983541	 -0.273305	  1.087820	 -0.422743	
309	 21.980867	 27.425125	 26.177753	 -0.250745	  0.015798	 -1.395403	
310	 14.807348	 13.706392	  1.988785	 -0.526976	  0.240548	 -0.186139	
311	 29.483816	 28.079897	 19.254927	  0.116820	 -0.943976	 -0.520805	
312	  9.186514	 14.567158	 12.720284	  0.831917	 -0.439578	  0.592154	
313	 17.423929	  3.867904	  4.117995	 -0.231840	 -0.421391	 -0.997846	
314	  6.801465	 22.597706	  5.688577	 -0.057395	 -0.096766	 -0.502924	
315	  4.731616	 26.477402	  6.802012	  0.049312	  0.008124	 -0.537850	
316	  2.485561	  2.374845	  7.671534	 -0.088161	 -0.751264	  0.192563	
317	 22.896025	 16.623690	 11.002117	  0.249592	  0.101668	 -0.544846	
318	 10.279760	 26.086746	 11.089972	 -0.198714	  0.642767	  0.116627	
319	 18.300209	  3.290982	 20.649029	 -0.342736	 -0.065515	  0.762228	
320	  0.944984	  9.590378	 24.254272	 -0.319395	  0.831392	 -0.271053	
321	 25.367609	 16.127712	 11.972294	  1.355585	  0.293019	  0.738398	
322	  3.815634	 29.917547	 21.908932	 -0.312930	 -0.407623	 -0.495828	
323	  2.947156	  2.861344	  6.233146	 -1.092547	 -0.960679	  0.817496	
324	  6.228332	 12.651177	 20.049208	  0.472506	  0.772140	  0.703397	
325	 12.112245	 14.016558	 28.130804	  0.474643	 -0.049630	  0.231138	
326	 13.129574	 26.136421	 15.689432	  0.235937	  1.212118	 -1.372216	
327	 24.134298	 13.517599	  4.390583	 -1.669065	 -0.324279	 -0.441030	
328	  0.853872	 27.053732	  0.554625	 -0.520838	 -0.944860	  0.437472	
329	  6.703790	 20.874741	 16.599699	 -0.199571	 -0.587278	  0.927532	
330	  1.618148	  0.085765	 20.745836	 -0.210980	 -0.399551	  0.242731	
331	 10.752197	 18.144535	 29.388359	 -0.788216	 -0.140543	  0.898916	
332	 12.240862	  7.796333	  3.172724	 -0.033881	 -0.065662	 -0.250244	
333	 19.662760	 13.406911	 10.870825	  0.208184	  0.119085	 -0.168309	
334	  1.788480	 16.848171	  5.863820	 -0.707825	  0.069773	  0.336200	
335	  2.005574	  7.402366	 27.879562	 -1.015878	  0.097262	 -0.863102	
336	  8.843522	 18.422018	  5.267826	  0.391751	  0.693520	  0.785069	
337	  6.149902	  9.978170	 28.400026	 -0.363010	 -0.007896	 -0.202296	
338	  6.005864	 21.663769	 13.697655	 -0.158618	 -0.053966	  0.582278	
339	 11.086943	  1.765789	  4.773510	 -0.278027	  1.266804	 -1.274957	
340	 10.352606	 20.733734	 25.799038	  0.797019	  0.218064	 -0.592317	
341	  8.249620	 13.966047	 13.145543	 -0.222259	  0.697654	  0.140617	
342	  6.977689	 11.293456	 22.159599	  0.172346	  0.311361	  0.476672	
343	 16.392666	 20.204424	 14.263727	  0.983172	 -0.046904	  1.177427	
344	  4.678763	 26.857641	 24.498571	 -0.275616	  0.113144	 -0.600385	
345	 13.594680	  4.972527	 17.976410	  1.134488	  0.002537	  0.094572	
346	 25.789698	 23.224539	 12.679753	 -0.598642	 -0.370868	 -1.037204	
347	  6.060836	 24.749868	 23.684961	 -0.128358	  0.201270	 -0.328453	
348	  4.398024	  6.133440	 10.664292	  0.962248	  0.576395	  0.100847	
349	 27.746420	  6.263577	 23.784470	 -0.139204	 -0.245751	 -0.194510	
350	 18.292177	  9.149801	  2.603405	  0.131586	 -0.914178	 -0.796469	
351	 21.960861	 22.796593	 14.232352	  0.419692	 -0.004363	 -0.214860	
352	  6.613081	  5.693664	  8.402851	 -0.486663	  0.011913	 -0.165124	
353	 15.857495	 27.969437	  9.849859	  1.553236	  0.049781	 -0.259393	
354	 24.515446	 24.017954	 26.954903	  0.316663	 -0.357542	 -0.761351	
355	  4.675041	 24.506981	 10.190777	 -0.493930	 -1.222588	 -0.768202	
356	 28.698969	  5.963217	  9.894957	 -0.567584	 -0.340997	  0.691781	
357	 10.694094	 17.718588	 11.149920	 -0.871760	  0.579137	 -0.571802	
358	 18.769888	  5.463552	 20.268147	  0.685633	 -0.240141	 -0.680894	
359	 26.137577	  5.492504	 14.028687	 -0.672843	 -0.521677	  0.369004	
360	 12.295511	  7.354054	 17.291128	 -0.470857	 -0.244365	  0.039484	
361	  3.404501	 29.591017	 28.402351	  0.490810	 -0.637662	  0.806548	
362	 22.835335	 17.018312	 18.809650	  0.079739	  0.222940	  0.195120	
363	  1.164226	  6.927859	  2.756791	 -0.640851	 -0.204234	 -0.235662	
364	 25.131086	  2.937491	  8.837462	  0.387450	  0.403079	  0.957462	
365	  6.731822	  2.442104	 19.679705	 -0.143390	 -0.136557	  0.947863	
366	  9.785217	 15.396512	 16.745981	 -0.031017	  0.197016	  0.812256	
367	 27.583696	 24.762550	 27.964136	 -0.207105	  0.992507	 -0.146302	
368	 18.903700	 20.744867	 17.159021	 -0.119706	  0.064634	  0.005356	
369	  2.999014	 17.963949	 12.382732	  0.140520	 -0.113809	  0.101890	
370	 12.463008	 13.285508	 21.237701	  0.111017	  0.032316	  0.688655	
371	 19.103661	 27.805508	 12.534136	 -0.223213	  0.571606	 -0.368006	
372	 18.178514	  5.762058	 25.322180	 -0.061851	 -0.857160	  1.005551	
373	 17.197886	  1.310320	 27.429359	 -0.699134	 -0.814310	  0.180068	
374	  9.576717	  4.655202	  0.122322	 -0.617801	 -0.283333	 -0.189712	
375	 25.616625	 26.811981	 16.992172	 -0.310943	  0.844326	 -0.109094	
376	 12.180548	 16.886005	 15.938017	 -0.477297	  1.017454	 -0.376180	
377	  2.431845	 17.057198	  6.377481	  0.133824	 -0.151830	 -1.100742	
378	  0.354834	 25.388403	  5.815335	  0.061773	 -1.041393	 -0.440428	
379	 23.246044	  3.082584	  1.572819	  0.664802	 -0.494079	 -0.521745	
380	 24.056206	 26.067078	  6.058131	 -0.066797	  0.191379	 -0.265234	
381	 27.573860	 16.163393	  9.186876	 -0.073782	 -0.873559	 -0.420154	
382	 16.713751	 26.643387	 19.876879	  0.078760	 -0.417835	  0.209046	
383	  9.657501	 22.141006	 26.336081	 -0.284870	  0.452991	  0.592442	
384	 27.102749	 23.756386	 20.214958	  0.205650	 -0.046439	 -0.187149	
385	  3.444414	  2.132096	  8.144255	  0.128506	 -0.098339	  0.491406	
386	 28.906578	 19.151688	  2.355779	  0.127323	  0.364598	  0.104305	
387	 13.184369	  6.788189	  9.904395	 -0.468925	  0.426805	 -0.208741	
388	 28.394564	 13.110061	 23.116182	 -0.325261	  0.145606	 -0.250026	
389	 23.101364	 29.291245	 12.101424	  0.117154	 -0.017659	  0.510162	
390	  5.399213	 26.111712	 14.256541	  0.628105	  0.116044	  0.903094	
391	 27.108599	  0.449066	 22.196781	  0.351557	  0.599645	  0.638968	
392	 12.249887	 27.856688	  1.685775	 -0.402043	 -0.636315	  0.224406	
393	  2.798732	 25.423433	  9.625515	 -0.682091	  0.209338	  0.161051	
394	  6.865975	 11.850216	  1.133123	  0.263816	 -0.584441	 -0.089508	
395	 20.212257	 10.283792	 25.991776	  1.133843	  0.413101	 -0.137780	
396	 20.055214	 10.718040	  4.678684	  0.070516	 -0.005175	 -0.393679	
397	 26.584202	 14.012004	 29.764576	  0.117153	  0.468141	  0.527099	
398	 21.001699	 20.356485	 12.412587	 -0.630644	  0.212680	 -0.374007	
399	  7.550488	 19.633007	  0.383022	 -0.834821	  0.118779	 -0.023595	
400	 17.015808	 26.617720	  3.449843	  0.081032	 -0.781513	  0.975523	
401	  7.642552	  1.562276	 24.063028	  0.328450	  0.222695	 -0.218728	
402	 17.244621	 29.488096	 27.714272	 -0.362526	  0.808098	  0.681418	
403	  3.130651	  8.399565	  4.605655	  0.176998	 -0.937047	  0.222173	
404	 24.301800	 23.397467	  9.724539	 -0.557944	  0.846794	 -0.158093	
405	 12.839232	 22.961239	 15.384371	 -0.921764	 -0.050291	 -0.082587	
406	 10.788767	  3.078850	  5.474056	 -0.275952	  0.526044	 -0.137957	
407	  9.174505	 25.052332	 20.280090	 -1.222781	 -0.346851	 -0.374294	
408	 29.603754	 13.706978	 24.835417	 -0.629789	 -0.196248	 -0.084069	
409	 19.520967	  1.041601	  9.075769	  0.161469	 -0.184907	 -0.227547	
410	 28.080523	  5.394380	 16.447853	 -1.175718	 -0.392667	 -0.860028	
411	 14.179810	  1.605390	 15.690714	  0.432108	  0.233407	  0.693646	
412	  2.859862	 27.863441	 11.739373	  0.523918	  0.059457	  0.042243	
413	 25.461102	  1.944246	  4.143455	  0.487612	  0.564839	  0.743400	
414	  3.972010	 16.384209	 18.610622	 -0.265510	  0.122230	  0.322317	
415	 26.655960	 27.916672	 22.199226	 -0.546931	  0.143377	 -0.602330	
416	 25.978418	 11.068627	 16.797178	  0.362670	  1.135279	 -0.216570	
417	  0.899180	  9.592048	  0.462652	 -0.051370	 -0.026435	  0.743608	
418	  0.617802	 15.835251	 21.748327	  0.219857	  0.115885	  0.819397	
419	  9.851177	 10.856941	  8.334842	 -0.209537	  0.534450	  0.084973	
420	 22.949026	  6.252751	 25.596716	 -0.000472	  0.579579	  0.341923	
421	  0.250686	  0.795490	  8.402605	 -0.062097	 -0.228415	 -0.470356	
422	  3.323226	  9.652464	  2.745308	 -0.187031	 -0.384224	  1.432148	
423	  3.329532	 21.790676	 15.944485	  0.001531	  0.728626	  0.250229	
424	  1.032486	 12.393352	 15.727331	  0.351064	  0.388018	  0.708819	
425	 17.136797	 11.774173	  0.914056	 -0.863805	  0.550658	  0.725994	
426	 12.117842	 14.364176	 16.916201	 -0.926645	 -0.503951	 -0.022180	
427	  1.098811	 12.619749	 17.302366	 -0.418400	  0.260951	 -0.770343	
428	 29.711988	 12.167284	 23.835634	 -0.482374	  0.278042	 -0.480510	
429	  1.174715	  6.551484	 24.426857	 -0.302395	  0.223938	  0.263667	
430	 25.585276	  1.852186	 20.857267	 -0.604785	  0.199650	 -0.675819	
431	  1.964364	 10.438885	  5.255739	  0.138977	 -0.620006	  0.765437	
432	 14.487371	  7.409473	 20.100929	 -0.186200	 -0.263674	  0.817371	
433	  3.437927	 23.675465	  2.371679	 -0.282349	  0.580327	 -0.407392	
434	 25.736500	 21.240709	  4.161030	 -1.238189	 -0.071818	  0.535122	
435	 28.539965	  1.183226	 18.181751	 -0.229756	  0.322327	  1.351169	
436	 11.647728	  1.112984	 13.752704	 -0.497195	 -0.972613	  0.565358	
437	  8.395021	 23.858770	  1.422062	 -0.152211	 -0.449780	 -0.300422	
438	  1.268151	 14.704804	 15.104153	  0.601790	  0.644300	 -1.185438	
439	  4.061910	 10.495867	 21.979607	  0.267625	  0.473439	 -0.161286	
440	  9.378136	 17.539707	 13.412833	 -0.197065	 -0.516721	  0.206417	
441	 28.115803	 18.165018	 14.217128	  0.249737	 -0.871881	 -0.082751	
442	  5.801090	 28.354803	 19.254013	 -0.473153	 -0.516636	  0.182637	
443	 13.432087	 10.319218	 19.482599	 -0.088198	 -0.962555	 -0.166723	
444	 26.984957	 15.459058	  5.846608	 -0.218872	 -0.027979	  0.751427	
445	 22.442677	  7.517601	  2.139081	 -0.365819	 -1.551539	 -0.251777	
446	 24.263893	 27.976133	 21.880276	  0.725603	  0.390603	  1.144211	
447	 17.236313	 22.868826	 21.594757	  0.479324	  0.125096	  0.104251	
448	 11.721959	 13.858813	  5.760593	  0.454791	  0.132920	 -0.379712	
449	 16.173149	 14.721778	 27.137646	  0.105437	  0.549976	 -0.565172	
450	  5.050957	 14.581787	 16.861748	 -1.132047	  0.912678	 -0.057877	
451	 28.198257	 13.037845	 29.130718	 -0.408204	 -0.654995	  0.521165	
452	 22.756397	 10.463934	  2.090733	 -1.253384	  0.037417	  0.405455	
453	 17.963360	 28.275368	 23.945704	  1.379843	  0.465713	 -0.260271	
454	 29.792902	 12.881882	 27.254093	 -0.941089	 -0.003767	  0.028024	
455	 11.288627	 22.702120	  6.957397	 -0.980706	 -0.913287	  0.022250	
456	 26.578588	 20.982126	 11.396763	 -0.929994	 -0.015620	 -0.146191	
457	 20.401758	  3.030208	 18.478209	 -1.300339	  0.016849	  1.332256	
458	  9.611898	  9.197512	  5.193279	 -0.953839	  0.107142	 -0.182946	
459	  9.057547	  4.950147	 29.280302	 -0.611630	  0.443855	 -1.211384	
460	 10.541721	 15.877913	 24.781071	 -0.084165	 -0.524918	  0.259967	
461	 11.481043	 24.571131	 19.292288	  0.127925	  0.152861	 -0.310648	
462	 29.817659	  9.935679	  8.353547	 -0.486477	  1.171865	  0.371489	
463	 18.888790	 19.032597	 14.518634	 -0.567798	  1.221513	 -1.195927	
464	 17.050764	  4.140908	  2.064734	  1.122527	 -0.823644	 -0.590507	
465	 10.656654	 23.524639	 12.482388	 -0.474412	  0.262271	  0.226287	
466	 13.025092	 23.040627	 28.248123	  0.196741	  0.224306	  0.099814	
467	 11.760153	  4.133059	  0.614694	 -0.324029	  0.342059	 -0.341000	
468	 17.377279	  9.875744	  6.398553	  0.307677	 -0.019789	 -0.385963	
469	  4.127347	  6.259364	 23.151804	 -0.166229	 -0.430554	  0.586118	
470	 23.170000	 24.810421	  2.744414	 -0.217251	 -0.299630	  0.035065	
471	 10.748767	 19.360483	  7.628289	  0.407105	 -0.570208	  0.155044	
472	  3.568111	  6.635032	  9.657481	  0.745061	 -0.913382	  0.965021	
473	 25.421270	 24.197105	 17.569342	 -0.402083	  0.308571	 -0.081207	
474	  5.716784	  3.370091	 13.653981	 -0.822906	  0.793172	 -0.100513	
475	 14.945417	  4.376718	 16.785618	  1.136916	  0.254116	  0.067088	
476	  1.284908	 18.497494	 15.234266	 -0.000178	 -0.309564	 -0.453036	
477	 21.906094	 24.441582	 25.762871	 -0.042212	 -0.505939	  0.577182	
478	 15.470666	 14.061875	 26.799141	  0.067030	 -0.159705	 -0.635747	
479	  3.170068	 29.110365	 19.120848	 -0.147772	 -0.070770	 -0.137197	
480	 21.192492	 27.106600	 10.393064	 -0.121463	 -0.404983	  0.400129	
481	 17.577719	 28.313417	 15.300832	 -0.198565	  0.647497	 -0.275130	
482	 16.118063	 26.327074	 11.704427	  0.460258	 -0.035081	  0.397674	
483	 15.968800	  7.111938	 22.594246	  0.208585	  0.440947	  1.011665	
484	 19.117102	  0.867899	  9.439328	  0.259709	 -0.186059	  0.375723	
485	  2.117651	 11.228490	 10.325891	 -0.209595	  0.227760	  0.735616	
486	 14.800673	  7.695904	  4.638937	  0.187227	  0.880777	 -0.724063	
487	  8.379007	  7.602958	  2.166383	  0.389127	 -0.146974	  0.367132	
488	 15.447416	 29.938808	 10.485211	  0.898431	 -0.241274	  0.318000	
489	  7.186239	  6.374039	  4.946011	  0.751874	  0.151166	 -0.042053	
490	 26.629702	 16.925035	 20.301899	  0.281872	  0.166308	  0.556821	
491	 16.982983	  5.358446	  5.727487	 -0.812397	 -0.627907	  0.178866	
492	 14.469161	  6.767266	  7.287252	  1.195725	 -0.358326	 -0.289013	
493	 29.466944	 10.386410	 18.140898	  0.495162	 -0.550835	  0.575652	
494	 25.269938	 13.971416	 17.650391	 -0.183690	 -0.627721	  0.005653	
495	  0.292887	 12.926435	  4.284179	 -0.232728	 -0.180732	  0.392498	
496	 18.560156	 10.414538	  4.940256	 -0.063847	  0.939995	 -1.493386	
497	 26.403488	  8.043795	 12.830947	 -0.845023	 -0.353587	  1.136441	
498	 16.615477	 19.040640	  8.799051	 -0.416231	 -0.433926	 -0.705222	
499	  3.584724	  2.356191	 12.455042	  0.585351	  0.139392	 -0.243220	
500	 12.960411	 24.101112	 13.591018	  1.559732	  0.212159	 -0.073810	
501	 28.806780	  9.843840	 29.678265	  0.697302	 -0.723188	  0.270845	
502	  9.023311	 13.476011	  2.196736	 -0.268117	 -0.163303	  0.912498	
503	 21.324106	 22.835480	 18.802870	 -0.510728	 -0.155997	 -0.327902	
504	 12.411113	 24.356110	 10.350717	  0.017596	  0.484155	 -0.988567	
505	  9.743557	  5.444235	 12.647801	 -0.887139	 -0.851763	 -0.113614	
506	 14.606730	  0.220819	  2.000093	 -0.147963	 -0.573372	  0.724967	
507	 11.154647	 19.546505	  8.086370	  0.445141	  0.446301	  1.013766	
508	  6.472269	  0.966162	  4.869149	  0.033693	  0.324396	  0.089972	
509	 14.191628	 21.836143	 28.388699	 -1.044065	 -0.304168	  0.354016	
510	 17.416058	 23.257795	 28.717690	  0.285072	 -0.741313	 -0.859212	
511	  5.870409	 23.691137	 28.677774	 -0.626202	 -0.181204	 -0.633580	
512	 18.647987	 16.847555	 23.955416	  0.742477	 -1.513996	  0.259450	
513	 13.329835	 14.831800	 15.530510	 -0.979978	  0.592440	  0.182671	
514	 22.249866	  0.593417	 27.749208	  0.526143	 -0.294416	 -0.385297	
515	  3.551420	 25.733406	 14.741787	  0.672428	  0.906764	  0.624940	
516	 28.488955	  2.901465	 16.973314	  0.196590	 -0.173134	 -0.704873	
517	 22.297922	 29.880535	  0.600737	  0.232073	  0.772151	 -0.361697	
518	 26.969913	  2.550312	 21.746914	  0.299541	 -0.392192	 -0.769062	
519	 15.027511	  3.790485	 11.514055	 -0.356200	 -0.347508	 -0.102042	
520	 11.875120	  4.280401	 11.271007	 -0.016127	  0.449408	  0.352037	
521	  4.325847	 19.373762	 21.302872	  0.761096	 -0.087372	 -0.458255	
522	  2.366936	 16.374517	  5.982106	 -0.371720	 -0.472773	  0.967182	
523	  2.805333	 24.719053	 13.750929	 -1.216468	 -0.149151	  0.749839	
524	 14.920372	 21.234568	  6.257757	 -0.900989	  0.212578	 -0.502927	
525	 10.459822	 13.876390	 11.710507	 -0.630909	 -0.459891	 -0.041905	
526	  2.461975	  6.227791	 21.738461	  0.312526	 -0.331479	  0.995402	
527	 17.610176	 29.278728	  1.627362	  0.852704	 -0.270164	  0.066562	
528	  9.901317	 12.769058	  9.790899	 -0.033960	 -0.484068	  0.183291	
529	 26.482553	  7.007811	  9.059263	  0.118711	 -0.046361	 -0.677868	
530	 11.550987	 22.242014	  6.698084	 -0.327598	 -0.883105	  1.103219	
531	  4.378338	 22.986626	 19.756399	 -0.925491	  0.221340	 -0.306843	
532	 22.162546	  4.628828	  3.144067	 -0.170338	 -0.060451	 -0.147811	
533	  3.304418	  4.034015	 28.983088	 -0.973089	  0.744727	 -0.084386	
534	  3.389163	 18.031626	 18.146456	  0.492304	  0.187596	 -0.629527	
535	  9.852432	 26.424955	 26.452183	  0.399812	 -1.140263	 -0.442537	
536	 18.176638	 12.534874	 29.250999	 -0.639697	 -1.094560	 -0.193609	
537	  0.920806	  9.344144	 27.826937	  0.588919	 -0.964376	 -0.083482	
538	  1.474050	 13.463833	  5.632492	 -0.304448	 -0.824332	  0.544024	
539	 11.430513	 25.828381	 12.241070	 -0.194008	 -0.324548	 -0.443206	
540	 15.308386	 28.707882	  0.784770	 -1.062265	 -0.306023	 -0.213631	
541	 13.056118	  0.651379	  9.402365	 -0.314208	 -0.442561	 -1.201408	
542	  7.742563	 28.402637	 10.943143	 -0.337867	 -0.291576	  0.600787	
543	 28.956650	 23.356756	  2.986175	 -0.528875	 -0.130395	 -0.012714	
544	  1.655480	  6.836449	  0.060578	 -0.139363	 -0.060631	  0.464779	
545	  6.611325	  9.416614	  1.720086	 -0.325868	 -0.381899	  0.700080	
546	  3.672308	  2.514084	  6.443474	  0.000210	  0.261665	 -0.800656	
547	 15.875508	  3.995446	 20.113192	  0.470139	 -1.833701	  0.389423	
548	 26.006876	  2.319127	 15.286043	 -0.839221	 -1.259532	 -0.212150	
549	  2.222367	 25.285992	  8.688663	  0.114006	  1.145115	  1.018840	
550	  9.955948	 23.404507	  1.907498	 -0.590211	 -0.018694	  0.536605	
551	 16.679293	 21.730934	 25.291750	  0.202175	  0.578266	 -0.173069	
552	 19.966732	 22.576914	  6.106555	  0.070576	  0.097006	  1.164882	
553	  6.538965	  6.350143	  7.048562	 -1.150471	 -0.299468	  0.204833	
554	 24.016514	 14.674480	 11.394253	  0.252380	  1.121320	 -1.362188	
555	 15.989892	 28.230747	 18.371862	  0.190270	  0.301977	 -0.026141	
556	  8.790261	 16.593521	 10.158758	  0.463524	 -0.912157	 -1.267893	
557	 25.985489	  1.710014	 17.423603	  0.578157	 -0.369133	 -0.449532	
558	 17.730007	 12.480200	 25.762550	  0.150700	  0.841982	 -0.897888	
559	 29.545547	  5.489208	 17.426046	 -0.468379	 -1.064692	 -0.712496	
560	 15.381554	 19.332239	  2.238835	 -0.639169	 -0.756737	 -0.893458	
561	  8.825397	 23.870565	 12.812792	  0.419471	 -0.507624	 -0.543404	
562	 12.800644	 15.371610	 28.659292	 -0.412582	  0.806988	  0.221450	
563	 14.193632	 24.835150	 17.317879	  0.120179	  0.348114	 -1.241334	
564	 26.395584	 21.583544	 28.645071	  0.405968	 -0.173999	  0.598574	
565	 20.301025	 18.321558	 10.900325	 -0.854200	  0.415363	 -0.727978	
566	 18.086411	  3.343670	 14.518487	 -0.594364	 -0.951527	  0.166596	
567	 18.452524	 20.938551	 28.717457	 -1.052009	  0.791221	 -0.587451	
568	 21.945763	  5.461755	 14.289359	 -0.342888	 -0.183814	  0.299896	
569	  8.502100	 18.772654	 20.898476	  0.117716	 -0.332086	 -0.205640	
570	  5.617676	  9.169049	 11.649478	 -0.105619	 -0.293385	  0.395478	
571	  3.279124	 23.328367	  4.738913	 -1.010997	  0.081142	  0.206834	
572	 11.124700	  2.923961	  7.053432	 -0.741563	 -1.393064	 -0.038002	
573	  9.936016	  0.188227	  9.607765	 -0.404618	  0.246471	 -0.027374	
574	 25.165213	 25.301298	 10.299682	 -0.628396	  0.529589	  0.090838	
575	 15.394180	 21.047985	 16.198523	 -0.381804	  0.936733	  0.027681	
576	 13.129523	 19.922987	 10.341823	  1.046007	  1.432039	  0.307641	
577	  7.895317	  4.411224	  2.152866	 -0.548339	  0.136677	 -0.513561	
578	 21.991770	  2.142731	  3.661249	 -0.227888	  0.520283	 -0.170987	
579	  6.576306	  9.429160	  0.422342	  0.327277	  0.189864	 -0.749251	
580	 27.581432	  5.179735	  2.667171	 -0.834099	  1.182368	 -0.711192	
581	  2.214029	 25.976154	 12.897588	 -0.792943	 -0.740835	  0.238597	
582	  8.616020	  8.824131	  5.354669	  0.731350	  0.486324	  0.156294	
583	  2.322777	  9.760880	 27.457247	  0.604247	 -0.097506	 -0.509884	
584	  6.264702	  6.089160	 -0.037199	 -0.405498	 -0.094869	 -1.009688	
585	 22.618046	 21.218971	 28.183279	  0.154959	 -0.030757	  0.718278	
586	  5.278327	 10.930990	 10.226038	  0.079427	 -0.551151	 -0.126463	
587	 18.488934	 10.444930	 20.996685	 -0.595172	 -0.127603	  0.388779	
588	 25.996029	 13.003731	  2.960221	 -0.059416	  0.662925	  0.543626	
589	 27.103348	 28.134403	  4.232711	 -0.474645	 -0.197737	 -1.394182	
590	  5.446805	 10.972710	 14.393162	 -0.866543	  0.860544	 -0.056773	
591	 23.020901	  0.470168	  6.389822	  0.557990	  0.270864	  0.143976	
592	  2.312717	 18.160833	 17.519178	 -0.509123	  0.024946	  0.039817	
593	 21.996664	 24.798019	 27.166349	  0.153354	 -0.224229	  0.431390	
594	 18.849537	 15.178755	  8.174809	 -0.358714	  0.064159	  0.407298	
595	  9.754703	  0.649278	  9.665121	 -0.027565	  0.300471	  1.412200	
596	 25.517542	  6.939294	 22.120731	  0.038101	  0.168152	  0.273159	
597	 11.133447	 24.657873	 15.768455	 -0.693949	 -0.012856	  0.337828	
598	 15.519243	  1.471973	 26.695810	 -0.517545	 -0.225999	 -0.445861	
599	 21.097626	 29.293034	 16.591213	 -0.734792	 -0.033890	  0.281031	
600	  9.354521	  2.342419	 27.397182	 -1.336347	 -0.185042	 -0.444523	
601	  1.814689	  9.371375	 13.683887	  0.291318	  0.543202	 -0.373132	
602	  7.760656	 23.041283	 11.907098	  0.909183	  0.170277	  0.165834	
603	 25.517750	 26.778223	 20.993540	  0.233565	 -0.075792	 -1.362108	
604	  2.253503	  3.560585	 12.985795	  0.425861	 -0.949841	 -0.930353	
605	  5.683353	 11.651857	 11.051945	  0.274565	  0.682251	  0.722714	
606	  9.360057	 28.786440	 15.483989	  0.989061	  0.366701	  0.397978	
607	 19.563408	 28.935179	 13.049725	  0.076269	 -0.694926	 -0.619415	
608	 28.081907	  8.224119	  9.330932	 -0.060949	  0.215023	  0.475617	
609	 16.265865	  6.424361	  2.709545	 -0.609077	  0.331490	 -0.046272	
610	 21.794828	 24.055498	  8.856133	 -0.246264	 -1.357930	  0.214004	
611	 11.958992	 17.129488	 26.913696	  0.182817	 -0.084030	 -0.404954	
612	 11.337355	  0.130604	 28.699812	 -0.129520	 -0.441055	  0.275182	
613	 10.475698	  7.310947	 14.011267	  1.019819	 -0.383033	  0.311947	
614	 19.882456	 27.392347	 22.137524	  0.124975	  1.358850	 -0.218849	
615	 28.176105	 17.619778	 22.116409	  0.328607	  0.474914	  0.537548	
616	 26.273746	  2.238093	  2.172235	 -0.803894	 -0.301674	  0.787089	
617	 20.824440	 19.978722	 21.013376	 -0.437298	  1.144109	  0.056243	
618	 26.256939	 21.574745	  2.409443	 -0.436111	  0.386273	  0.777769	
619	 23.653818	  1.135745	 23.436670	 -0.367599	  0.549464	 -0.397615	
620	  0.208580	  3.131772	 16.285110	 -0.326076	 -0.706577	 -0.143721	
621	  8.367284	 17.186300	 12.536416	  1.204712	  0.334272	  0.308536	
622	 13.608376	 22.139442	  2.378417	 -0.408636	 -0.744581	  0.771789	
623	  4.884623	 18.679646	  8.393259	  0.155763	 -0.373584	 -0.259732	
624	 18.378820	  1.709198	 10.176052	  1.135208	 -0.588952	 -0.518411	
625	 18.036850	 25.555567	 11.385408	 -0.227144	  0.314487	  0.829303	
626	 18.434195	 24.392622	  3.653715	  0.528677	 -0.682265	  0.549592	
627	 19.603592	  6.901170	 29.522161	  0.181166	 -0.370370	 -0.855718	
628	 13.964768	 28.643883	 20.663315	 -0.423837	 -0.085413	  0.705829	
629	 17.719164	  0.293324	  2.404292	 -1.431909	 -0.060220	  0.002134	
630	  5.486221	 21.490522	  3.461891	  0.224866	  0.295649	 -0.787654	
631	 16.763933	 25.949535	  4.309615	 -0.172369	  0.076389	  0.494576	
632	 13.903511	 16.791300	 16.862967	  0.702348	 -0.325482	  0.210522	
633	 18.235537	 29.575083	 29.674570	 -0.687013	  0.884628	  0.027410	
634	 21.965250	 27.742254	 13.281305	  0.715790	 -1.063421	 -0.756178	
635	  0.395470	 17.784760	 14.417805	 -0.684301	  0.085123	 -0.404291	
636	 15.867386	 27.987890	  0.596139	  0.028525	  0.138332	  1.272358	
637	 24.214212	 26.718031	 29.899343	 -0.005563	  1.316811	 -0.278061	
638	  9.827260	 17.924883	  8.804424	 -0.551045	 -0.025675	  0.728603	
639	 22.297279	 29.712975	 22.954222	 -0.163691	  0.635818	 -0.200214	
640	  0.864607	  7.671984	  6.943801	 -0.984858	 -0.376971	  0.408953	
641	 13.873104	  9.374007	 27.432306	  0.482410	  0.697112	 -0.143102	
642	  9.923550	  2.102714	 10.820571	  0.248442	  0.002622	  0.598982	
643	  9.403064	  2.510523	  3.959647	  0.172594	  1.194195	 -0.584282	
644	  8.348028	 22.230227	 12.685751	  0.372312	 -1.030271	  0.009452	
645	  1.480383	 14.039908	  3.937047	 -0.778669	  0.416206	  0.215681	
646	  8.095975	  2.273439	  3.839384	 -0.403072	 -0.011695	  1.018545	
647	  2.244385	 13.338319	 24.527071	  0.073378	  0.536350	 -0.760979	
648	 19.256243	 28.627420	 10.854371	  0.134373	  0.060609	  1.097693	
649	 10.291434	  6.823877	 11.298591	  0.155325	 -0.136092	 -0.151422	
650	 27.074413	 21.409327	  6.900884	 -1.167919	 -0.100197	  0.456065	
651	 24.470989	 25.223459	 21.310368	 -0.046105	 -0.646011	 -0.470772	
652	  4.088922	 26.047852	  1.449494	 -0.826355	 -1.044058	  0.198667	
653	 28.295006	 12.663672	 28.099152	  0.195438	  0.149799	 -0.207901	
654	  8.217233	 22.153835	 26.024361	  1.420398	  0.391415	  0.188830	
655	 18.290613	 14.549184	  0.231517	  0.388403	  0.296880	  1.465558	
656	 27.040541	 29.199417	 15.186732	  0.233400	  0.295287	  1.096950	
657	  9.424339	 21.817480	  4.971183	  0.017727	 -0.003039	  0.018469	
658	  6.649043	 20.992344	 17.762224	 -0.794782	 -0.188012	 -0.343710	
659	 15.631176	 19.988424	 11.720087	 -0.233486	  0.114490	 -0.298098	
660	  2.292897	 10.569342	 27.557377	  0.492030	  1.005104	  0.190341	
661	 11.664144	  2.060074	 26.581896	  0.310853	 -0.860438	  0.316316	
662	  0.619537	 13.154645	  7.103052	 -0.399980	 -0.373598	  0.026915	
663	  7.511573	 12.788662	  7.934185	 -0.763976	  0.363742	 -0.183805	
664	 13.265841	  4.255366	 23.997379	  0.744278	  0.249113	 -0.075057	
665	 13.421202	 13.303966	  3.493619	  0.190748	 -0.837988	 -0.389439	
666	 23.768871	 28.056274	 13.026966	 -0.344129	 -0.148070	 -0.545766	
667	 23.481590	 21.656158	  6.348905	 -0.380764	  0.166276	  0.470937	
668	  8.425904	 21.305403	 17.053926	  0.078541	 -0.091061	  0.027891	
669	 21.694138	  3.498922	  6.468308	  0.490652	  0.687794	 -1.157642	
670	  0.163259	 26.327147	 13.104450	 -0.691844	  0.515085	 -0.370513	
671	 15.481353	 26.957127	  1.925657	 -0.364440	  0.480880	 -0.307233	
672	  9.401528	  1.349551	  4.542422	 -0.531790	 -0.652720	  0.142411	
673	 25.560085	  7.097155	 29.449167	 -0.341391	  0.399311	 -0.244989	
674	  9.938283	 23.472940	  3.884994	  0.357442	  0.249664	 -1.285569	
675	 26.305033	  5.772346	 12.052813	  0.512687	 -0.263271	 -0.075816	
676	  6.419155	 20.447203	 21.150015	 -0.138770	 -0.230823	 -0.751593	
677	  2.030146	 20.265310	 19.201548	  0.323082	  0.484236	  0.144932	
678	  2.868302	 28.847836	 20.859358	  0.081620	  0.565839	 -0.006886	
679	 28.008331	 25.918179	 15.260983	 -0.384242	 -0.158976	 -0.120990	
680	 19.480579	 11.999527	 21.438309	 -0.475142	  0.030338	 -0.770544	
681	 10.294478	  2.787700	 22.436871	 -0.227824	  0.084332	  0.004268	
682	 23.782333	 14.852516	 27.618223	 -0.653375	  0.908846	  0.081285	
683	 28.007343	 16.095140	 13.779233	 -1.219388	 -0.078421	 -0.147605	
684	 12.553649	 29.488054	  6.733147	  0.033719	 -0.567315	  0.538804	
685	  6.782218	 25.983711	 17.315708	  0.500726	 -1.009737	  1.206675	
686	  0.065648	 22.788187	  1.631494	  0.106542	  0.152704	  0.028054	
687	 28.553038	 11.939916	  9.601142	 -0.641926	 -0.505855	  0.398190	
688	  6.347845	  5.483899	 20.116665	  0.382846	 -0.010358	  1.657313	
689	 11.174303	 18.437729	  3.275939	  0.310316	  0.726745	  0.426216	
690	 14.668639	 13.728405	 23.226084	  1.861776	 -0.818203	 -0.153807	
691	 29.746668	  3.587617	 28.353161	 -0.474926	  0.204055	  0.641699	
692	 18.733316	 26.776669	 29.859827	 -0.386940	 -0.374214	  0.231989	
693	 28.918287	 19.497507	 13.361277	  0.619093	 -0.555561	 -0.022719	
694	  4.972774	  4.881742	 29.505356	 -0.799138	  0.415765	 -0.365268	
695	 17.330223	  4.043015	 11.414822	  0.448506	  0.373738	 -0.292291	
696	  7.918003	  3.270908	 12.010399	 -0.166281	  1.230710	 -0.798485	
697	 17.560028	 20.247604	 22.683643	 -0.622105	 -0.005890	  0.290717	
698	 19.033545	  6.245955	 11.777964	 -0.494031	 -0.759994	  0.447040	
699	 13.346060	  9.299049	 19.430010	 -0.547167	  1.408095	  0.382754	
700	 29.692694	 20.827751	  0.565929	 -0.113423	  1.165680	  0.461527	
701	 14.213216	  9.920358	  6.798348	 -0.433288	 -0.412318	  0.867116	
702	 11.272049	 10.873419	 20.557323	  0.178804	  0.018193	 -0.307509	
703	  3.354285	 14.779813	  0.953383	 -0.597867	  1.179908	 -0.266398	
704	  1.486223	 15.860235	 26.139639	  0.047618	 -0.212886	  0.003579	
705	  2.555594	  0.077548	 10.448027	  0.925398	  0.866080	  1.058096	
706	 25.026955	 18.433823	  9.819725	  0.179054	  0.167042	 -0.062998	
707	 24.203922	 17.271236	  2.293030	 -1.118118	  0.156764	 -0.488751	
708	 17.939606	 17.266275	 21.403769	  1.148722	 -0.286761	 -0.242465	
709	  9.047084	 26.675318	 17.329908	  0.870961	 -0.844973	 -0.410445	
710	 27.932178	 16.916368	 12.347003	 -0.658841	 -0.359831	  0.722683	
711	 19.768177	 19.018049	 15.373521	 -0.286798	 -0.344682	  0.407477	
712	 22.465900	 22.844776	 16.302872	  0.031936	 -0.562833	  0.491034	
713	 18.680922	 29.550253	 15.298651	 -0.138089	  0.639209	  0.054350	
714	 21.840382	  9.928950	  8.401944	 -0.182260	  0.083730	  0.767240	
715	 29.097778	  6.423294	 22.138750	 -0.339137	 -0.119458	  0.072440	
716	  1.346484	  8.623390	  6.825426	  0.166674	 -0.113744	  1.193558	
717	  0.251498	  4.153069	 25.122810	 -0.727697	  0.157616	 -0.301032	
718	 24.518335	 10.992059	 28.305326	 -0.553837	  0.099056	  0.180622	
719	 12.897623	 10.027234	 25.931221	 -0.017881	 -0.727481	  1.058424	
720	 17.913731	 19.643694	  2.020783	 -0.801105	 -0.030724	  0.155713	
721	 25.028168	 22.937088	 22.581799	  0.172839	  0.344615	  0.336850	
722	 16.749760	 25.053432	 15.727711	 -0.362101	  0.186048	  0.584600	
723	 10.349367	 26.501089	  4.060899	  0.531454	 -0.213937	  0.112805	
724	 21.129732	 21.808672	 22.753223	  0.083376	  0.460358	  0.448950	
725	  8.673511	 18.086447	 11.864737	  0.905645	 -0.107797	  0.285652	
726	  1.643255	  6.630734	 17.554192	  0.808038	  1.540392	 -0.390761	
727	  7.971961	 23.683132	 27.484215	  0.764976	 -0.226838	  0.185330	
728	 29.064217	 10.250445	 17.662596	 -0.716877	  0.186743	 -0.035492	
729	 25.220175	 18.325390	 13.561478	 -0.246219	  0.412289	  0.435905	
730	 26.040066	  4.834357	 18.086395	  0.470106	  0.366959	 -0.153505	
731	  9.886425	 15.321629	  3.790048	 -0.315248	  0.254722	  0.831661	
732	 28.528210	 27.382660	 28.912626	 -0.160068	  1.659903	  1.116504	
733	 26.842710	  7.246077	  5.747147	 -0.323642	 -0.671651	 -0.634013	
734	 23.665211	 12.578894	 27.207186	  0.586699	  0.101463	  0.439213	
735	 16.861204	  2.653705	 26.771414	 -0.007327	 -0.344091	  0.142899	
736	 28.983866	 16.262735	  5.880102	  1.209942	 -0.186757	 -0.195781	
737	 14.165971	 15.903660	 25.080778	  0.757206	 -0.553351	  1.547036	
738	  5.603755	 13.017361	 27.539753	  1.341942	  0.359919	 -0.095533	
739	  0.749314	 25.052332	  0.001443	 -0.649762	 -0.666161	 -0.008821	
740	 20.231134	 18.063248	  5.121055	  0.683332	  0.171743	  0.263796	
741	 28.258373	 24.912037	  8.201571	 -0.668988	 -0.336625	 -1.347952	
742	 15.277920	 22.417549	 19.521519	 -0.626959	  0.573362	 -0.053214	
743	  6.196167	  0.368866	 14.778117	  0.468718	  0.049723	  0.912912	
744	 14.756769	 15.414391	 16.138691	 -0.957181	  0.239767	  0.340368	
745	 27.886780	 11.687675	  4.643866	  0.330631	  0.067102	 -0.147022	
746	 13.798908	 27.669111	  1.851997	  0.052482	  0.486975	 -0.914660	
747	 23.497326	  5.342968	 28.809532	  1.233572	  0.448143	 -0.382904	
748	  0.635733	 15.958530	 28.182503	 -0.026796	 -1.401635	 -0.327950	
749	  6.291726	 12.837126	 11.569077	 -0.068263	 -0.228280	 -0.153366	
750	 12.398649	  2.754558	 11.872890	  1.320684	  0.548544	  0.604179	
751	  0.557216	 13.699998	 11.399557	  0.480089	  1.085296	  0.149737	
752	 12.328471	 16.816259	 23.585945	  0.223493	 -0.380811	 -0.493646	
753	 15.744767	 11.140169	  0.648339	  0.628087	 -0.368467	  0.816331	
754	 15.809364	  5.622316	 25.793386	  0.365511	 -0.736482	  0.930424	
755	  9.223373	 19.349537	  3.255309	  0.422749	  0.415023	  0.583054	
756	  2.360380	 29.390648	 15.538820	 -0.387336	  0.408620	  0.076164	
757	 19.382915	 17.225760	  0.956497	 -0.689431	  0.193146	  1.083516	
758	  3.307754	 12.085311	 13.372505	 -1.349532	  0.472272	  0.249782	
759	  6.673795	  6.822807	 28.234161	 -0.021934	 -0.263191	  0.021525	
760	 26.945818	 23.941870	 27.508848	  0.934862	  0.629082	 -0.578171	
761	 14.671153	 26.911961	 17.975788	  0.374541	 -0.051205	 -0.892603	
762	  0.937074	 23.759119	 12.892962	 -0.416744	 -0.873877	  0.320602	
763	  9.928796	  9.182563	  7.773944	  0.253158	  1.072406	 -0.216196	
764	 24.876671	 25.557047	  2.493047	 -0.134731	 -0.861550	 -0.461515	
765	  3.798866	  9.083832	  6.649537	 -0.458947	 -0.834737	  0.157565	
766	 22.729843	  9.011482	  3.126799	  0.112411	 -0.568928	  0.251574	
767	 19.599451	 18.568710	  7.171524	  0.508440	  0.416334	 -1.080056	
768	  3.388981	  5.167487	 23.513449	  1.199890	  0.338644	 -1.119494	
769	 18.331177	  9.230927	 20.666916	 -0.534804	  0.328177	 -0.184428	
770	  0.186425	 20.223799	 25.653788	 -0.213808	 -0.708501	  0.208087	
771	 12.343508	 25.487846	  9.239100	  0.536981	 -0.756275	  1.500778	
772	 11.189572	  2.229861	 28.392229	 -0.053379	  0.064297	  0.301419	
773	 20.800415	  3.125473	 13.482633	  0.691108	  0.060068	 -0.067590	
774	 21.043144	  7.581359	 27.009298	  0.315995	 -0.306727	 -0.419383	
775	  7.518135	  6.782354	 14.527586	  0.220194	 -0.177636	  0.150464	
776	  4.330236	 16.002817	  9.791094	  0.972217	  0.597479	 -0.243485	
777	  3.272177	  9.493635	  4.845067	  0.269721	 -0.070496	 -0.130206	
778	  3.737483	 10.417202	 28.756617	 -0.032028	  0.751598	  0.977726	
779	 10.951616	  9.333620	 17.623468	  0.440626	  0.554582	  0.129146	
780	 19.219328	 28.260805	  6.551736	  0.604625	  0.111401	  0.059852	
781	  6.450716	 27.780521	  5.740478	 -0.512076	  0.325106	  0.251844	
782	 18.311071	  5.936954	 18.322136	 -0.462586	  0.104642	 -0.238821	
783	 11.092883	 24.530209	  7.295027	  0.197619	  0.332313	 -0.011970	
784	 13.184797	 10.964654	 10.189852	 -0.940287	  0.349923	 -0.587104	
785	  2.217111	 11.020440	 19.723394	  0.688457	  0.749666	  0.842611	
786	  3.174694	 13.613135	 24.982029	 -0.078702	 -0.247519	 -0.297838	
787	  3.503706	 29.797853	 22.095961	  1.026730	  0.770471	 -0.563503	
788	  5.097745	 29.039898	 16.422407	 -0.139467	 -0.625035	 -0.206767	
789	  2.712635	  9.244373	  1.431723	  1.242404	 -0.194819	  0.263765	
790	 24.202114	  3.470805	 19.288509	 -0.032320	 -0.845187	 -0.565690	
791	 27.355888	  5.542500	 14.205233	  0.728846	  0.604462	 -0.367750	
792	 22.844383	 14.261857	 12.535568	 -0.229304	 -0.298171	  0.403170	
793	  2.756964	  6.583676	 17.469828	  0.450891	  0.805572	  0.339497	
794	 28.009821	  4.796511	 24.679373	  0.038380	 -0.483373	 -0.684625	
795	 20.380726	 15.786357	 10.592918	  0.262955	  0.816341	  0.890787	
796	  2.095659	 22.132486	 26.363420	  0.043818	  0.411750	  0.682642	
797	 27.896318	 20.014475	  4.402437	 -0.275451	 -0.801282	 -0.248855	
798	 11.195432	 23.283413	  6.516809	 -0.489637	  0.137864	 -0.203174	
799	  4.657187	 14.895572	  4.115385	 -0.016641	 -0.046322	  2.037982	
800	 27.301748	  3.037826	 25.152918	  0.032079	 -0.828499	 -0.157133	
801	 13.362984	 20.579958	  7.476464	 -0.914463	 -0.249279	  0.109624	
802	 22.805399	  9.128150	  7.405273	 -0.117050	 -0.593432	 -0.663180	
803	  8.470551	 14.889248	 11.904637	 -0.807468	 -0.528289	 -1.050279	
804	  6.934907	 17.150602	 26.599619	  0.696533	 -0.161739	 -0.227159	
805	 18.048897	  9.617192	 23.578579	  0.738267	  0.256724	 -0.849138	
806	 25.044559	 13.621521	 12.744635	 -0.149762	  0.108636	 -0.584740	
807	 17.734095	  5.324168	 18.541136	  1.061398	 -0.015285	  1.017528	
808	  1.873356	 24.287523	 16.653208	 -0.501875	 -0.587185	  0.953538	
809	  3.078093	 12.349452	 28.655931	  0.384572	  0.464503	  0.627010	
810	  1.055016	 16.647905	 10.182908	  0.320117	  0.125586	  0.836981	
811	 27.869631	 10.638166	  5.163507	  0.108592	  1.002894	  0.669959	
812	 23.078478	  5.985126	  6.343304	  0.371812	 -0.695589	  0.740353	
813	 21.410725	 10.638555	  8.378471	 -0.484252	 -0.065746	 -1.215281	
814	  8.064827	  9.857606	  8.414237	 -0.845989	 -0.113737	  0.326873	
815	  4.850492	 11.790845	 27.920895	  0.457649	 -0.020977	 -0.053666	
816	 21.075567	  0.424677	  2.175520	 -0.428071	  0.646910	 -0.310123	
817	 27.487196	 25.775696	 11.965323	  0.868378	 -0.981595	 -1.608340	
818	  1.474725	 24.280754	 21.730606	  0.198238	 -0.459434	  0.058294	
819	  0.836745	 13.191715	  4.243294	  0.279819	 -0.749367	 -0.269382	
820	  1.165179	 22.010136	 14.606739	  0.650960	  0.221118	 -0.848962	
821	 10.483337	 29.380205	 27.067091	  0.077223	  0.344019	  0.320741	
822	 10.406030	 14.704861	 27.856756	  0.021470	  0.046151	 -0.151598	
823	 10.789719	  7.519906	  6.144762	 -0.614658	  0.285790	 -0.351360	
824	 24.118958	 14.848546	 21.621117	 -0.086766	 -0.703746	 -0.545838	
825	 25.392881	 21.076160	 23.109949	 -0.207713	 -0.685831	 -1.048664	
826	 24.976624	 16.952177	 15.078950	 -1.554670	 -0.106555	  1.157167	
827	 24.789429	 16.292503	 26.249237	  0.347985	  0.048368	  0.042719	
828	 10.950267	 15.654696	  6.242785	  0.008584	  0.261862	  1.092178	
829	  2.924122	 23.794506	 21.319666	  0.692055	  0.837969	 -0.247858	
830	 19.927902	  7.591719	 15.389454	  0.227203	 -0.773713	 -0.812623	
831	  2.966444	 23.909643	  8.971332	  0.297837	  0.007500	  0.361088	
832	  0.344329	 27.417645	 13.454958	  0.797639	 -0.326169	  0.156357	
833	 16.317137	 27.698524	 15.437399	  0.405704	  1.310042	  0.315403	
834	 25.116140	 26.400585	  0.761753	  0.895040	 -0.479897	  0.133566	
835	  6.701880	 16.234722	 25.371305	  1.185855	 -0.448069	  0.411242	
836	 24.173309	  0.609568	 11.817536	  0.847609	  0.241140	 -0.628561	
837	 24.391926	  4.855696	 25.834288	  0.054368	  0.166141	  0.354154	
838	  6.484173	  4.048100	 18.361507	  0.575453	 -0.243801	 -0.300590	
839	 16.730042	 18.805035	 20.548208	  0.394452	 -0.169001	 -0.200172	
840	 13.462656	 25.459993	 25.142412	 -0.373184	 -0.304097	  0.043351	
841	  7.764060	  9.613288	  0.311706	 -0.186697	 -0.578549	  0.050609	
842	 18.631989	 21.189341	 18.674307	 -0.084740	 -1.012839	 -0.165320	
843	 13.555090	 25.583344	  5.450520	 -0.324868	  0.314792	  0.075459	
844	  2.330252	 21.805685	  8.058593	  0.220825	 -0.552852	 -0.065334	
845	  7.225539	 16.231756	 27.175144	 -0.204740	  0.399287	 -0.611004	
846	 22.391294	 16.216600	 29.036724	  0.929087	 -0.005961	 -0.401794	
847	  4.908745	 21.061548	 10.282706	 -0.258074	 -0.066341	 -0.080809	
848	 25.877651	 28.539688	 17.322559	 -0.051916	 -0.243163	  0.116035	
849	 11.827267	 25.018978	 26.831261	 -0.088344	  0.588124	  0.772001	
850	 16.626369	 24.064539	  4.306018	 -0.548108	 -0.185153	  0.456515	
851	 20.347416	 14.240252	 16.179935	 -0.618139	  0.479289	 -0.371297	
852	 21.286356	 20.528490	 11.966674	  0.208326	  0.400987	 -0.950089	
853	  3.661750	  2.382989	 23.828438	 -0.350178	 -0.664393	 -0.488005	
854	 19.876343	 19.628639	  8.628665	 -0.445347	 -0.615049	  0.553932	
855	  6.163159	 16.554260	 15.218896	  0.121564	 -0.462002	 -0.320075	
856	 29.365561	 18.102940	 29.532318	  1.093171	  0.805522	 -0.578916	
857	 21.753382	 15.483332	 22.257864	 -0.009050	 -0.534855	  0.317497	
858	 28.952156	  8.405456	  7.534892	  0.274224	 -0.053449	 -0.051471	
859	 27.595289	 20.813507	  1.810009	 -0.178895	 -0.701240	  0.151845	
860	 23.763958	 28.160103	  3.878213	 -1.063670	 -0.422373	  0.380373	
861	 17.252817	 13.838632	 11.413793	 -0.801982	 -0.344345	  0.635687	
862	 14.961246	 25.208334	 24.102219	  1.095910	 -0.732495	 -0.336516	
863	  9.417952	  4.127792	  4.429657	 -0.587550	 -0.656072	 -0.315109	
864	 25.873442	 11.639381	  8.658179	  0.045399	  0.043781	 -0.094385	
865	 24.311630	 15.249146	 20.906048	 -0.586945	  0.944709	  0.818638	
866	 22.405691	 13.697287	 12.041230	 -0.190946	 -0.269732	 -0.458166	
867	  2.618163	  1.227984	 12.244909	  0.216477	  0.429661	 -0.824161	
868	  3.945292	  8.227876	 15.292060	  0.312620	 -0.674910	  0.158290	
869	  3.787167	  9.109577	 15.451693	  0.273126	 -0.013045	  0.458623	
870	  0.058036	 16.633192	 24.926723	 -0.515180	  0.745864	  1.113015	
871	 22.686823	 24.072855	 17.552748	  0.207218	  1.123519	  0.630422	
872	 18.868130	  9.286358	 24.572870	 -0.542622	  0.618070	 -0.280687	
873	  5.861974	 19.178162	 29.469065	  0.866899	 -1.106199	  0.372141	
874	 13.978056	  4.229581	  0.246977	  0.375380	  0.206590	  0.172495	
875	 29.549685	  1.900011	  5.023560	 -0.023224	 -0.017934	  0.627109	
876	 17.385685	 23.395565	 21.235220	  0.096294	  0.505224	 -0.009855	
877	 25.963814	 19.497866	 25.595057	 -0.384912	 -0.630064	  0.119693	
878	 16.575933	  8.859955	 21.874208	  0.423900	 -0.380448	  0.630240	
879	 10.334411	 10.943025	 23.445293	 -0.286822	 -0.705766	  0.180439	
880	 19.085562	 20.842537	 15.954299	 -0.142085	  0.343307	  0.530215	
881	 22.183104	  6.786479	 28.293745	 -0.370414	  0.063243	  1.188209	
882	  7.734112	 15.334780	 15.215837	  0.099900	  0.075285	 -0.251908	
883	 21.288309	  0.126391	  7.671165	 -0.436949	 -0.319842	  0.123638	
884	 13.119139	 11.723910	  5.225048	 -1.010823	 -0.800612	 -0.338387	
885	 14.754198	  7.112723	  2.204511	  0.622767	  0.297360	 -0.014669	
886	 22.971655	 18.268745	 16.739927	  0.472229	 -0.381332	  0.122343	
887	 29.465570	 20.862837	  1.955084	  0.925361	  0.856842	 -0.913283	
888	 18.737246	  9.731990	 19.945131	  0.539115	 -1.390013	  0.452802	
889	 22.984140	 12.132597	 15.212491	  0.798195	 -1.513368	  0.039742	
890	 13.300471	 24.635098	 14.504837	  0.391897	 -0.483400	 -0.424012	
891	  3.636742	  9.618786	 12.405242	  0.797718	  0.912448	 -0.448051	
892	  9.599043	  3.953579	 19.369637	 -0.542073	  0.161738	 -0.511339	
893	 26.121832	  2.366657	 14.225117	  0.559829	  0.248365	 -0.540345	
894	  6.820596	  0.314287	  9.102332	 -0.284874	  0.453941	  0.057178	
895	 25.643120	  0.571212	 19.703386	  0.548411	 -0.174112	  0.341685	
896	  1.358752	 24.224663	 17.893715	  0.249497	  0.193659	  0.281593	
897	  0.159482	  1.599461	 21.663975	  0.220825	 -1.394989	 -0.861839	
898	 21.895672	  4.020195	 24.638348	  0.662713	 -0.299980	  0.110318	
899	  9.496973	  0.743630	  7.368886	  0.897879	  0.149027	 -0.973446	
900	 20.280884	  6.280289	  2.470582	 -0.378912	  0.810145	  0.490579	
901	 12.147660	  2.839970	 24.040558	  1.214202	 -0.714723	 -1.048747	
902	  7.428320	 17.681925	 21.103182	  0.401945	 -0.567526	  0.135909	
903	  5.178651	 19.649216	  0.919634	 -0.368073	 -0.810162	  0.515637	
904	 29.729456	 21.550339	  3.753152	 -0.558939	 -0.142822	 -1.043477	
905	  2.975466	  3.932726	 14.947779	  0.049823	  0.902691	 -0.046023	
906	 13.406663	 11.357092	 29.892769	 -0.386749	  0.729739	 -0.285887	
907	  3.589655	 14.397865	 24.223278	 -0.006626	  0.671849	  0.776330	
908	 14.363132	 25.291636	 16.269737	 -0.404298	  0.148426	 -0.000621	
909	 18.245434	 16.975710	 23.194134	  0.321413	  0.346561	 -0.463085	
910	 25.291384	 27.752300	 29.933603	 -0.490513	  0.091130	 -0.333099	
911	 26.775290	 12.096985	 24.964468	 -0.315629	 -0.631684	 -1.236096	
912	 26.748041	 18.961645	 13.172447	 -0.714574	  1.254208	 -0.672037	
913	  8.614045	 21.109612	  2.492399	 -0.944837	 -0.260429	 -0.204870	
914	  6.035839	  9.372359	  0.033680	 -0.123120	  0.028486	 -0.450251	
915	 19.681353	 12.044029	  1.420546	  0.998661	  0.702394	  0.578548	
916	 23.220301	 25.532742	 22.627523	  0.727706	 -0.088168	  1.120927	
917	 24.955467	 17.569105	 13.735327	  0.345935	  0.006330	  0.464424	
918	 13.040161	 20.258732	 29.436666	  0.430176	  0.944598	 -0.275170	
919	 24.765631	 23.576126	 29.549664	 -0.450129	  0.107006	 -0.169461	
920	 16.357170	  2.373868	 20.841339	 -0.711038	  0.480154	  0.389593	
921	 12.778646	 29.544985	 24.530617	 -0.930448	  0.000661	  0.630341	
922	 18.568686	 29.956341	  1.813452	 -0.572325	 -0.092452	  0.397954	
923	  1.780566	 18.218746	 20.057949	  0.696166	  0.047008	  0.489201	
924	  4.611744	 19.079550	 16.890621	  0.127891	 -0.182989	 -0.250404	
925	 21.386301	 23.105921	  1.406440	  0.279622	  0.223446	  0.160854	
926	 16.354452	  1.710961	 15.820519	  0.141312	  0.007784	  0.923829	
927	  2.504700	 23.761904	 18.329912	  0.289431	 -0.794534	 -0.180765	
928	 25.649517	 24.048004	 18.302790	 -0.251621	 -0.929730	  0.406730	
929	  0.974150	  7.428741	 28.237061	  0.567897	  0.042813	 -0.678893	
930	 15.646172	 27.573637	 23.461802	 -0.067756	  0.466126	  0.593436	
931	 23.657623	  3.066747	 25.787340	 -0.217700	 -0.047680	  0.595683	
932	 29.031136	 14.291182	 24.114990	  0.167175	 -0.273709	  0.056186	
933	 18.278803	  1.135429	 27.920551	 -0.294453	  0.104282	 -0.628290	
934	 28.286396	 13.231955	 10.381783	 -0.211721	  1.356106	  0.933748	
935	  9.520525	 13.218497	 12.304757	  0.769485	 -0.489244	  0.899585	
936	 26.143404	 20.040115	 28.471334	 -0.037352	 -0.460498	 -0.117360	
937	 10.874400	 18.922924	 28.992977	  0.039837	  0.106746	  0.106882	
938	  3.758826	 14.966761	 17.725521	 -0.877604	  0.877739	  0.112022	
939	 11.529748	  4.127755	  6.599073	  0.127041	  0.743835	 -0.514725	
940	 11.189184	 20.179325	 26.738945	 -0.543852	 -0.085596	  0.265847	
941	 13.751049	 28.885103	 22.833586	 -0.071155	 -0.454911	  0.406870	
942	 10.612641	  1.188159	 27.763315	 -1.494499	  0.352569	  0.261508	
943	 29.808607	 17.258690	  4.384568	  0.333960	 -0.369811	  0.214781	
944	 13.416549	 27.384678	 16.653957	  0.373246	 -0.380774	 -1.125096	
945	  2.370104	 29.200771	  0.744242	 -0.328386	  0.350640	  0.273993	
946	 26.059395	 21.447048	 18.071321	  0.319187	 -0.055500	 -0.549981	
947	  7.054286	  9.650447	 23.653704	  0.684535	 -0.760211	 -0.121189	
948	 11.598171	 14.038280	 13.714134	  0.455020	 -0.299373	 -0.509153	
949	 25.612705	 19.203743	 17.187551	  0.369624	  0.641505	  0.052426	
950	  3.958984	  0.763200	  3.663701	  1.248139	 -0.465989	 -0.972377	
951	  5.305254	  7.973570	 12.733442	 -0.382496	 -0.275039	  0.562111	
952	 16.239328	 11.782967	 10.465194	 -1.105352	  0.905601	 -0.272581	
953	 19.006760	  2.436585	 24.088047	 -0.053466	  0.541280	 -1.233664	
954	 17.002693	  9.430107	 27.163214	  0.170412	 -0.683970	 -0.711625	
955	  7.254653	  7.910827	 10.832599	  0.644801	  0.723977	  0.092326	
956	 23.842976	 21.623890	 12.243492	 -0.434132	 -0.200878	 -0.075114	
957	  4.505897	 22.141966	 12.436219	  0.017658	  0.449777	 -0.645235	
958	  3.610912	 12.430383	  2.024310	 -0.053960	  0.394818	  0.381962	
959	 16.473888	 12.614488	 28.483902	  1.092871	 -0.033883	 -0.349092	
960	 11.726920	 23.111101	 26.773432	  1.001695	  0.204264	 -0.122850	
961	 24.827488	 20.035704	 15.540111	 -0.315317	  0.538557	  0.270398	
962	  5.471005	  3.695217	  7.612733	  0.605159	  0.299017	  0.375534	
963	 17.497456	 13.212053	 22.111132	  0.315587	 -0.691862	 -0.468355	
964	 20.260412	 29.329451	  6.191411	 -1.036574	 -0.756178	 -0.101936	
965	  7.725092	  5.940011	 24.330725	  0.195786	 -0.391794	  0.751002	
966	 27.468670	  5.142749	  4.044495	 -1.277403	  0.659852	 -0.154738	
967	 29.988476	  7.422438	 14.669936	  0.549427	  0.396615	 -0.281614	
968	  4.590610	  2.457573	 28.796272	 -0.169512	  0.531480	  0.680817	
969	 13.214925	 29.970606	 20.185953	  1.340453	  1.421996	 -0.078743	
970	 28.786638	 18.182407	 24.570419	 -0.214808	  0.169445	  0.242738	
971	 16.377708	 26.100445	 27.932793	  0.703807	  0.436829	 -0.794704	
972	  2.783095	  7.479849	 21.851276	  0.509802	  0.505442	 -0.819021	
973	 14.836728	 13.738828	 16.645996	 -0.207493	  0.745405	  0.159404	
974	 24.470842	 22.660213	  2.055680	 -0.861887	 -0.347021	 -0.368444	
975	 12.430693	 15.121398	 23.577435	 -0.262773	  0.183129	 -0.125802	
976	  4.672986	 14.290355	 18.283092	  0.980947	  0.399893	 -0.912556	
977	  6.336680	 25.821014	 26.033205	 -0.197477	  0.163265	  0.076023	
978	 17.356461	 13.461403	 11.695395	 -0.598723	 -0.087790	  0.407737	
979	  3.038032	  5.762873	 14.695760	  0.701297	  0.260841	  0.299428	
980	 24.924704	  2.987152	 18.341660	 -0.813483	  0.096766	  0.004709	
981	  2.091157	 20.599258	 29.073652	  2.003775	 -0.249927	  0.184871	
982	  8.112494	  1.384003	 20.350815	  0.526251	 -0.418154	 -0.136865	
983	 27.043682	 27.777700	 21.864239	  0.282196	  0.027111	 -0.277540	
984	  9.947529	 25.739443	 25.477079	  0.140308	 -0.580740	  0.506664	
985	 27.049246	 25.809456	 10.216125	 -0.215914	  0.901681	 -0.465357	
986	 10.915192	 11.974724	  4.673677	  0.827174	 -0.845288	 -0.334679	
987	 12.203898	  4.187036	  8.047393	  1.393065	  0.215195	  0.235687	
988	 26.566620	  9.789183	  1.790259	 -0.099223	 -0.564859	  0.052630	
989	 20.973978	 20.067272	 27.968960	  0.599450	  0.242655	  0.208506	
990	 17.772718	 22.465715	 19.631134	 -0.340316	 -0.817887	  0.249513	
991	  4.064296	 12.552787	 22.620638	 -0.187659	 -0.002035	 -0.335481	
992	 20.404514	 26.016676	  7.990102	  0.047463	  0.736631	 -0.144629	
993	 29.564634	 11.562996	 21.459131	  0.077794	  0.478350	 -0.008788	
994	  9.509251	  2.271572	 25.021503	 -1.052938	 -1.039177	 -0.779756	
995	 14.169500	  0.107003	  4.380074	  0.697926	 -0.508765	 -0.129028	
996	 20.532639	 18.611475	 21.391769	  0.423353	 -0.433765	 -0.301864	
997	 11.784786	 15.408974	 14.214271	  0.558706	 -0.098713	  0.014486	
998	 12.622521	 13.530796	  8.925490	  0.211991	  0.438978	 -0.719119	
999	 29.310537	  1.170794	 17.325361	  0.153465	 -0.316106	  0.123891	
