0	 21.346119	 26.191925	  1.365329	 -0.641165	 -0.389180	 -0.661397	
1	 10.873404	  5.924288	 20.196917	 -0.534850	  0.857890	  0.585942	
2	 15.557153	  6.850110	 21.515991	  0.308655	  0.844918	  0.436859	
3	 15.528394	  2.914748	  8.307260	 -0.881893	 -0.435788	  0.179870	
4	 21.293350	 11.979398	 16.716251	  0.026449	  0.287653	  0.957369	
5	 21.136374	 23.400066	 18.478195	  0.848010	  0.365729	 -0.383564	
6	  9.022096	  8.831831	  4.478323	 -0.095032	  0.639225	  0.763125	
7	 14.740051	  3.694391	  1.587553	  0.216426	 -0.920684	 -0.129334	
8	 19.189095	 16.689465	  4.817469	 -0.495512	  0.456802	  0.738783	
9	 27.501795	 17.348248	 15.374671	 -0.207389	  0.518683	 -0.387104	
10	  6.602145	 28.395496	  8.981777	  0.355642	  0.254618	  0.899271	
11	 19.106339	  7.008736	 16.958569	  0.957208	 -0.250195	 -0.145447	
12	 18.623034	 10.706207	 10.685609	 -0.793045	  0.344053	  0.166381	
13	 24.068178	 14.684032	 16.736147	  0.201620	 -0.147599	  0.506465	
14	  0.193578	 19.176739	 18.201324	 -0.723074	 -0.393468	 -0.567756	
15	 14.180401	 18.576580	 20.807070	  0.943086	  0.206541	  0.260632	
16	  5.613982	  4.469975	 16.676468	  0.297599	 -0.222980	  0.489523	
17	 23.801014	 26.322037	 23.639889	  0.576262	 -0.660576	 -0.481208	
18	 19.904705	  8.808169	  5.667734	  0.521360	  0.722009	  0.454849	
19	  5.641001	 16.341503	 17.982147	  0.330741	  0.182254	 -0.688308	
20	 12.129986	 21.675579	 11.252553	  0.126758	 -0.698680	  0.610679	
21	 25.148684	 19.170704	 22.265537	  0.996263	  0.815188	 -0.892895	
22	 23.130301	  8.266027	  4.753594	 -0.485101	 -0.662629	  0.391992	
23	 22.370192	  3.738376	 29.382299	 -0.685311	 -0.694840	  0.218050	
24	 13.195274	  0.107870	  9.220697	 -0.341571	  0.536290	 -0.771830	
25	 24.490911	 14.073315	  7.366378	 -0.503858	 -0.365368	 -0.560553	
26	 21.399689	 18.296614	  2.879059	 -0.727980	  0.660136	  0.185112	
27	  7.518036	 29.028814	 28.531147	 -0.848191	 -0.470697	 -0.373701	
28	 26.126589	 28.674706	 21.588745	 -0.753907	  0.254121	 -0.605844	
29	 12.166335	 23.812185	 18.805553	  0.666023	 -0.323050	  0.672348	
30	 14.983183	 13.995852	  1.717804	 -0.847274	  0.141722	  0.544884	
31	  6.970668	  1.773935	 24.677452	  0.035095	 -0.970250	 -0.239547	
32	 12.725583	 29.659554	 28.530859	  0.553359	  0.607853	  0.569481	
33	 12.715595	 26.747122	 19.776899	  0.341800	  0.694298	  0.633343	
34	 27.183487	 22.773409	 26.183729	  0.125312	 -0.311051	 -0.942096	
35	 11.176006	 14.246531	 23.114584	 -0.145349	 -0.790959	 -0.594355	
36	 28.882576	  9.655826	  0.553525	 -0.531974	 -0.564942	 -0.630749	
37	  5.064058	  4.162394	 27.807745	 -0.723988	  0.106377	 -0.681561	
38	 10.737906	 12.212181	 29.893467	  0.477707	 -0.383666	  0.935694	
39	  0.124071	  7.737845	  1.814250	 -0.570193	  0.512923	  0.641708	
40	  0.036534	  0.237955	  3.240877	 -0.236422	  1.281902	  0.106120	
41	  8.775602	  8.852282	  1.821676	  0.425420	  0.266082	  0.473619	
42	 26.099056	 22.249083	 19.244482	 -0.127797	 -0.949951	  0.285063	
43	  8.929938	 28.456360	 15.236048	 -0.757589	 -0.486624	 -0.435036	
44	  5.702811	 18.067801	 15.247463	 -0.814913	  0.156837	 -0.773690	
45	 22.766964	 13.373535	 20.493382	  0.346584	  0.633218	  0.460822	
46	  0.730580	 24.465187	 19.458990	 -0.857038	 -0.321009	  0.403036	
47	 21.740967	 11.301955	 27.802946	 -0.804348	 -0.078017	 -0.104632	
48	 22.562443	 29.357201	  1.198755	 -0.014357	 -0.468676	  0.883254	
49	  3.281526	 13.838644	 21.218452	  0.129504	 -0.941379	 -0.311504	
50	  8.749365	 25.620668	 20.886423	  0.081733	  1.207639	 -0.364084	
51	  9.278441	 27.568459	 25.663778	  0.866727	  0.480651	  0.133263	
52	 26.264486	 18.958652	 14.375019	  0.203622	 -0.970391	 -0.129920	
53	 10.941273	 21.236900	  2.165586	 -0.280812	 -0.794486	 -0.451162	
54	 29.361393	 28.059282	  5.733172	  0.562439	 -0.369964	 -0.739452	
55	  9.997611	  4.553744	 14.504650	 -0.575724	  0.029295	  0.817119	
56	 10.272429	 26.432833	 12.936844	 -0.129693	 -0.926886	  0.352226	
57	 10.050684	 18.497366	 16.671106	 -0.542507	  0.647701	  0.046211	
58	 12.867870	 10.717889	 19.512909	 -0.957665	  0.263045	 -0.116984	
59	 10.318595	 27.460861	 19.678024	  0.570645	  0.057306	  0.449847	
60	  6.178452	 22.474155	 28.058884	  0.229231	 -0.375803	 -0.475614	
61	 26.580616	  3.471494	 14.380551	 -0.562046	 -0.459925	  0.687440	
62	  2.191157	 24.105152	 16.731266	  0.207812	  0.967326	  0.145238	
63	 10.192902	 28.075712	 26.517027	  0.979792	 -0.025994	 -0.198323	
64	 14.468529	 10.868500	 29.794353	 -0.654784	 -0.106841	 -0.748227	
65	  8.887045	 23.091423	 19.986387	  0.793900	  0.140888	 -0.389558	
66	 24.293262	 25.645868	 17.309984	  0.930727	  0.322226	 -0.518439	
67	 27.795904	 19.805906	 29.594746	 -0.604525	 -0.502563	  0.618045	
68	 27.971827	 27.353706	  5.756603	  0.811834	 -0.024864	  0.583359	
69	 13.242406	  7.938885	  9.529687	 -0.473544	  0.822403	  0.315292	
70	 19.385654	 13.391800	 15.330388	  0.266558	 -0.316412	  1.290724	
71	 16.789026	  5.626567	 23.984949	 -0.706468	 -0.111119	  0.164800	
72	 14.813513	 28.866009	  6.267406	 -0.121499	 -0.224217	  0.966936	
73	 17.513983	  6.772679	 17.408638	 -0.032248	  0.265370	 -0.963607	
74	 19.917591	 21.134384	 26.668999	 -1.362525	 -0.001316	 -0.357402	
75	  0.245207	 29.219534	 27.874144	 -0.295024	  0.901118	  0.546867	
76	 15.831207	 21.927303	  6.023522	 -0.121772	 -0.199584	 -0.972285	
77	 13.451948	 25.876446	  3.164938	 -0.481825	  0.492544	  0.724738	
78	 29.770943	 18.933435	  5.494336	  0.077352	 -0.871453	  0.484342	
79	  9.928899	 24.639759	  1.881675	  0.269297	 -0.186275	  0.861596	
80	 11.058059	 22.371897	 29.987429	  0.071879	 -0.973005	  0.219307	
81	  7.871206	  2.341403	  8.131315	 -0.799286	 -0.546320	  0.250354	
82	 21.496780	  7.813549	 24.550358	  0.705670	  0.146443	  0.693242	
83	 13.155408	 12.880977	  1.777366	 -0.061991	 -0.596644	 -0.800108	
84	 13.347859	 13.765892	 13.839963	 -0.294470	 -0.445516	  0.845460	
85	  6.934136	  9.241993	 24.237844	  0.153185	 -0.962640	 -0.130778	
86	 26.008036	 16.904804	  6.323740	  0.006175	 -0.809808	 -0.586663	
87	  3.238333	 15.635818	  2.179549	 -0.011702	  0.211289	 -0.977354	
88	  3.763416	  6.867621	 10.082209	  0.610469	 -0.741926	  0.277261	
89	 10.087604	  3.314584	 21.672211	  0.726940	  0.001266	  0.686700	
90	  0.802604	  3.354683	 23.602116	 -0.862664	  0.032465	  0.504735	
91	 17.183897	 21.979656	 12.095327	  0.235855	 -0.957563	 -0.165664	
92	  6.256969	  9.484420	 21.725018	 -0.051204	  0.755413	  0.653245	
93	 28.209314	 28.262743	  2.380890	  0.986377	 -0.170284	  0.470944	
94	  3.809017	  4.973144	 24.512074	 -0.243533	 -0.432258	 -0.910824	
95	 12.605089	 13.498724	 13.707285	 -0.138278	 -0.026441	  0.263846	
96	 14.131531	  9.097764	  8.097413	 -0.903645	  0.228497	  0.362235	
97	 20.609644	 23.769293	  2.602331	 -0.302332	 -0.588416	 -0.749908	
98	 25.095440	 29.217415	  0.110193	 -0.083036	 -0.912636	  0.400251	
99	  2.408402	 27.577156	  9.518994	  0.250129	  0.109557	  0.907700	
100	  5.187501	  7.851815	 18.467916	 -0.197542	 -0.531002	  0.517694	
101	  3.568546	 14.064959	  0.589898	 -0.403406	  0.256959	 -0.878200	
102	  1.718856	  7.200166	 16.672586	 -0.774563	 -0.195713	  0.601455	
103	 16.949091	 20.269178	 27.701309	 -0.707101	  0.578835	  0.406151	
104	 27.116430	  7.867600	  0.424897	 -0.216577	 -0.121931	  0.803962	
105	 13.865201	 12.226847	  6.685123	 -0.197579	  0.924058	 -0.327231	
106	 11.802249	 23.829031	 20.293215	 -0.012049	 -0.373741	 -0.927455	
107	 20.652420	 16.740679	  8.386180	 -0.281117	  0.958597	 -0.045451	
108	  7.596982	 17.354153	 14.131863	 -0.131639	 -0.295343	 -0.745540	
109	 14.662024	 23.045115	 26.597469	 -0.249668	  0.438630	 -0.863290	
110	  4.874142	  0.902272	 10.072381	 -0.339635	  0.299400	  1.280082	
111	 28.336464	 12.264504	 21.429268	  0.395748	  0.402177	  0.825613	
112	 28.325672	 21.675489	 24.891659	  0.665310	  0.382010	 -0.088768	
113	 26.125813	 22.117031	 13.325258	 -0.522000	  0.828208	  0.203933	
114	 24.468796	 12.391715	  3.295394	  0.443858	  0.024386	  1.068243	
115	 23.420740	 12.317613	 14.490488	  0.578507	  0.011275	 -0.648580	
116	 23.370562	  7.224945	 16.802515	  0.337961	 -0.858425	 -0.385860	
117	 29.505644	 28.999937	 20.451284	  0.033205	 -0.938790	  0.342886	
118	  7.574561	 20.081444	  1.077347	 -0.284527	 -1.069327	 -0.298213	
119	 18.974817	  8.457399	 13.940786	  0.323034	  0.881942	 -0.343259	
120	  3.728514	 11.406408	 18.150753	  0.727157	 -0.478949	 -0.491783	
121	 27.035568	  5.767466	 13.692436	  0.028480	  0.835980	 -0.201099	
122	  0.892553	  0.613657	  0.553165	 -0.647321	 -0.567108	  0.169985	
123	 22.367348	 25.244013	  5.292365	  0.447596	  0.062860	 -0.892024	
124	  4.104589	 13.401278	 25.107094	  0.867487	  0.016480	 -0.497187	
125	 17.137503	 20.426504	 24.170967	  0.633525	 -0.552935	 -0.541211	
126	 19.066072	 12.052084	 18.781351	  0.734849	  0.515776	  0.440422	
127	 27.286118	 13.614327	 23.549648	  0.503595	  0.703111	 -0.502023	
128	 10.090266	  2.612198	  9.120987	 -0.801740	  1.072880	 -0.039858	
129	  2.097005	  6.371662	 18.943567	 -0.074685	  0.853854	 -0.515126	
130	 21.931112	 10.417719	 21.471809	 -0.591940	  0.135922	  0.137902	
131	 13.568100	 11.287076	 23.583443	  0.124436	  0.720431	  0.330277	
132	  0.510917	  5.826218	  9.279341	 -0.495807	 -0.782665	  0.376313	
133	 29.037861	  5.457049	 21.919044	  0.254736	  0.963215	 -0.085589	
134	 11.918610	  7.192197	 24.389860	 -0.251277	 -0.080857	 -0.964532	
135	 16.509935	  6.832243	  2.887665	 -0.459943	 -0.861975	 -0.213191	
136	 24.313248	 29.627035	 12.185261	  0.702913	  0.709880	 -0.044540	
137	 19.964823	 18.949753	 29.847616	 -0.578065	  0.148906	  0.802289	
138	 12.105398	  8.200929	 11.415349	 -0.342526	 -0.912533	 -0.223515	
139	 19.207087	 11.852200	 15.375265	  0.896454	 -0.266177	 -0.354287	
140	  7.433933	 10.306778	  4.016891	  0.193093	 -0.271943	 -0.942742	
141	 20.867901	  5.488510	 14.571201	  0.219278	 -0.889709	 -0.400418	
142	 10.421610	  9.401877	 28.213461	  0.777472	  0.251234	  0.191360	
143	 19.603828	 13.102836	 19.343027	  0.503272	 -0.066719	 -0.861549	
144	 19.796137	 28.967829	 11.971136	 -0.304253	  0.805929	 -0.507847	
145	  0.621354	  0.201132	 21.586695	 -0.053015	  0.991733	 -0.116858	
146	  0.710796	 14.150291	 25.116205	  0.247841	 -0.839993	 -0.482686	
147	 26.205826	  0.709399	  0.934256	 -0.117637	 -0.556952	  0.796446	
148	  9.439065	 14.953647	  1.087614	 -0.710972	 -0.433594	 -0.553638	
149	 15.159039	 26.516502	 25.128799	 -0.327678	 -0.195833	 -0.924271	
150	 15.752899	 25.940968	 21.994415	 -0.191214	  0.888343	  0.417472	
151	 15.204403	  8.004642	  7.112522	 -0.502556	 -0.126419	  0.855252	
152	  5.832213	 14.076927	 24.289692	 -0.886813	 -0.341272	 -0.311602	
153	 23.980873	 17.800018	 18.764112	 -0.665485	 -0.067446	 -0.237316	
154	 24.374706	 24.637028	 20.584534	 -0.929910	  0.149721	 -0.335934	
155	  4.523917	  7.469826	  2.884865	  0.139360	 -0.889549	 -0.435064	
156	  8.737401	  1.456149	 24.506987	  0.010249	  0.887601	  0.255724	
157	  4.172893	 11.882759	 12.100145	 -0.493621	 -0.307778	  0.813395	
158	 14.813792	 10.938490	 29.055582	  0.778113	  0.263827	 -0.570031	
159	  0.358761	 11.796538	 18.959578	  0.176295	 -0.721577	  0.669513	
160	 11.549085	 15.992924	 23.853727	 -0.022139	 -0.138278	  0.677843	
161	 28.961403	 22.194077	  6.546844	  0.103284	  0.703788	  0.702862	
162	 17.389233	 20.905062	  2.109550	  0.001349	  0.216806	 -1.332233	
163	  7.185518	 24.077190	 13.203495	  0.015853	  0.585393	 -0.810594	
164	 18.925335	  1.064576	  5.615912	 -0.667320	  0.720658	 -0.277445	
165	  9.227812	 28.224236	  3.258523	  0.803612	 -0.591372	 -0.066986	
166	 20.056599	 21.535742	 15.698400	 -0.624888	 -0.236134	 -0.744148	
167	  7.115024	 12.110396	 17.278873	  1.152114	 -0.135330	  0.139094	
168	 16.507269	 27.483992	  5.824405	 -0.509162	 -0.347820	  0.629324	
169	 10.240559	 23.012415	 25.113474	  0.135135	  0.438719	  0.981651	
170	 24.170164	  7.233192	 14.824159	  0.332564	 -0.097654	  0.938011	
171	  0.406552	  2.612307	 18.719620	 -0.059246	  0.754507	 -0.897820	
172	 12.580729	 19.277870	  4.384297	  0.446498	  0.252021	  0.858560	
173	 20.959446	 14.478201	 25.911573	  0.590019	  0.849728	  0.214013	
174	  4.754313	 22.276209	 26.641396	  0.770689	  0.328213	 -0.546182	
175	 16.598791	 26.811106	  2.729354	 -0.065516	  0.443206	  0.812434	
176	 28.511818	  0.746244	 27.600571	  0.138716	  0.119738	 -0.983067	
177	 15.115395	 20.410355	 11.343318	 -0.071786	  0.774500	  0.628487	
178	 20.641390	  0.512317	 10.934338	  0.348227	  0.934540	  0.073301	
179	 22.185785	  2.679301	 18.181536	  0.667125	 -0.273549	 -0.692903	
180	 13.221319	 11.086565	 24.433584	 -0.929784	  0.564174	  0.162441	
181	 13.677292	 12.539310	 29.038754	 -0.088030	 -0.298153	 -0.950450	
182	 12.410916	 25.696823	  2.093538	 -0.860250	  0.327297	  0.456477	
183	 11.895905	 23.519209	 15.204813	  0.795217	 -0.900291	 -0.347749	
184	 28.355822	  7.596500	 15.831617	  0.747255	 -0.615755	 -0.249912	
185	 13.231174	 19.320959	  9.625494	  0.480006	  0.685938	 -0.546886	
186	  9.880047	  2.169385	 16.444473	 -0.784725	  0.117204	 -0.071431	
187	 13.223453	 24.946194	 15.079945	  0.873128	 -0.301413	  0.383141	
188	  4.932396	 24.053364	 16.766853	 -0.220027	  0.811394	  0.541506	
189	  8.015896	  9.514225	 16.762598	 -0.954233	  0.042498	 -0.296029	
190	 20.952341	  0.951525	 18.965395	 -0.416749	  0.174378	 -0.892139	
191	 16.184103	 17.311016	 19.852194	  0.466554	 -0.340647	  0.816264	
192	 20.664412	 11.634837	 17.280857	  0.452371	 -0.535759	 -0.712967	
193	 25.605783	 25.290545	  2.574306	 -0.769231	  0.524595	  0.234331	
194	 24.161860	 12.568025	 21.073963	 -0.926715	  0.090045	 -0.514388	
195	 14.659674	 20.877893	 20.264570	 -0.166028	 -0.928689	 -0.331619	
196	 16.210060	 14.531007	 19.582777	  0.657936	  0.565413	  0.497422	
197	  2.428615	  6.306402	  9.358198	  0.833953	 -0.396157	 -0.384163	
198	  6.990067	  8.645209	 19.081409	 -0.353586	  0.506203	 -0.786597	
199	  0.928376	  3.414661	 25.287052	 -1.074612	  0.069886	  0.316439	
200	  0.830630	  2.785964	  0.217359	 -0.751927	  0.080987	 -0.339897	
201	 15.744806	  8.930374	 10.352662	 -0.514322	 -0.521889	  0.680518	
202	  8.797522	 16.930939	 14.035410	 -0.080594	 -0.497444	  0.863744	
203	 20.553522	 16.578135	 14.280392	 -0.172660	  0.949475	  0.262081	
204	 20.785099	 19.896524	 15.133063	  0.331361	  0.051090	  0.195533	
205	 14.094307	 27.057734	 16.052607	 -0.165286	  0.344095	  0.924272	
206	  2.327729	 27.546522	  3.222201	  0.470287	 -0.321550	  0.580543	
207	  8.933374	 14.433580	  3.248016	 -0.136771	  0.658931	 -0.643896	
208	 25.970196	 18.568897	 10.795839	  0.825915	  0.373064	  0.544890	
209	 23.652739	 20.003128	 23.220421	  1.249476	  0.000782	  0.817092	
210	 22.902830	  9.404227	  6.639414	 -0.342141	 -0.237792	 -0.909062	
211	 22.796135	 10.480513	 22.247988	  0.094489	  0.994164	 -0.052053	
212	 22.125065	 15.740753	 17.218805	  0.014990	 -0.564258	 -0.825462	
213	 13.090822	 23.848635	  0.708908	  0.817788	 -0.386310	 -0.348526	
214	 15.963352	 25.261042	 15.676038	 -0.615500	  0.754589	 -0.227497	
215	 27.756268	 22.271065	  5.922436	 -0.061256	 -0.734964	  0.965423	
216	  6.856405	  6.567110	  3.962571	  0.618781	  0.245790	  0.326478	
217	  8.176105	  2.761536	 17.706030	  0.411670	 -0.728607	 -0.547413	
218	  3.553772	 29.622204	  4.735174	 -0.431744	  0.823612	  0.367778	
219	  1.441390	 21.186974	  3.551844	 -0.141857	 -0.952770	 -0.268527	
220	 26.716648	  4.928072	 24.011391	  0.995593	  0.084311	 -0.041070	
221	  3.746836	 25.339333	  4.333405	 -0.163878	 -0.514230	  0.841850	
222	 26.369207	  4.713711	  5.546466	 -0.498201	 -0.427708	  0.754229	
223	 29.701477	 16.134832	 26.179605	  0.152812	 -0.810254	  0.565807	
224	 27.273439	  9.162101	  8.743357	 -0.546421	  0.831038	 -0.103919	
225	 26.819185	 27.269297	  8.963481	  0.141143	  0.273671	  0.754262	
226	  5.484937	 15.323796	  7.962497	 -0.884257	  0.784748	  0.320525	
227	 29.805279	 24.047606	 20.302404	  0.300816	  0.274293	  0.913386	
228	  1.813108	 28.717628	 21.415186	  0.655966	 -0.110015	  0.746730	
229	 15.227244	 23.886206	 22.891443	 -0.191940	  1.089228	  0.145907	
230	 28.092930	 21.189077	 14.500425	 -0.883055	 -0.274056	  0.380930	
231	 27.813425	 19.349833	 26.098948	  0.100566	  0.249039	  1.262622	
232	 26.743952	 26.803528	 11.796481	 -0.708574	  0.766374	  0.180623	
233	  1.344828	 13.537639	 12.701942	  0.320858	  0.728513	 -0.605242	
234	 21.802362	 24.619810	  4.894682	 -0.147501	  0.644798	  0.568966	
235	 12.991756	  3.775959	 13.859200	  0.734939	 -0.677827	  0.020382	
236	 24.223463	 12.533227	 17.619585	  0.174917	  0.051601	  0.699201	
237	  2.961428	  5.235337	  5.700302	  0.291612	 -0.917756	  0.269604	
238	  7.727335	 23.001650	 17.008242	 -0.905209	 -0.281427	  0.208220	
239	 20.542963	 20.140547	 22.369539	  0.683124	  0.301571	 -0.665129	
240	  0.201763	 24.962547	 21.192400	  0.227959	 -0.804529	  0.548423	
241	 26.846157	  5.930319	  0.808650	  0.789805	 -0.299577	  0.535222	
242	 25.742092	 26.976667	 20.477816	 -0.747277	  0.660285	 -0.074837	
243	  7.087774	 15.136439	 14.178453	  0.145612	  0.668277	  0.729523	
244	 25.902994	 23.535336	  4.339654	 -0.791848	 -0.025003	 -0.610206	
245	 16.766708	 24.270357	 19.677265	  0.538552	  0.920275	 -0.098591	
246	 28.856804	  6.371403	  7.724081	 -0.959419	 -0.190007	  0.208359	
247	 25.076622	 27.123238	 25.624184	 -0.465492	  0.863050	 -0.196115	
248	 10.801637	 24.504917	 15.048787	  0.342771	 -0.221580	 -0.912913	
249	 13.223498	  4.551882	  3.545751	  0.301089	  0.421563	 -0.225301	
250	 11.079896	  5.618298	  5.047884	  0.859794	 -0.140922	  0.490811	
251	 10.655936	 27.834379	  8.519102	  0.063116	 -1.143957	 -0.131656	
252	 20.025719	 27.184608	  9.781046	 -0.688800	  0.724928	  0.005797	
253	 22.845123	  6.862093	 20.342077	 -0.437436	  0.215340	 -1.214679	
254	  8.881281	  6.089396	 19.428316	 -0.132464	  0.257566	  0.957138	
255	  5.476837	 29.674755	  5.542815	  0.733918	 -0.506221	  0.452885	
256	 22.031237	 20.284033	 21.520250	  0.914750	  0.644481	  0.408903	
257	 24.449800	 22.991282	 19.350119	  0.254365	  0.547233	 -0.508207	
258	 26.086452	 23.111128	  6.020858	 -0.584486	  0.810357	 -0.041194	
259	 19.420198	  3.285541	 29.703444	 -0.149710	  0.361363	 -0.920328	
260	 24.592745	  6.415511	  2.880986	 -0.820746	  0.516161	  0.244854	
261	 14.835591	  8.764826	  4.155056	  0.934395	  0.355536	  0.022363	
262	 22.880062	  7.057653	 20.966093	  0.533314	  0.031035	  0.038027	
263	 27.467834	 13.452263	  3.156880	 -0.191663	 -0.547768	 -0.814380	
264	  5.403815	 25.079739	 22.109001	  0.726947	  0.392846	  0.563224	
265	 16.760094	  7.525141	 24.043924	 -0.715842	  0.206047	 -0.667170	
266	 29.550375	  1.719651	 15.124287	 -0.385689	  0.533450	 -0.752778	
267	  1.076719	 28.039848	 19.239235	  0.874378	 -0.496858	  0.735745	
268	 20.490248	 10.240429	 16.103083	 -0.116578	 -0.886361	  0.448078	
269	  6.440619	 10.224236	 14.020817	  0.666075	 -0.744627	  0.043311	
270	 29.003086	 21.718575	  2.072925	  0.659775	 -0.794600	  0.107151	
271	 28.051828	 13.217178	  7.771139	 -0.260351	 -0.923606	 -0.281372	
272	 18.507755	 29.102905	 16.000235	  0.729808	  0.679619	 -0.074151	
273	 27.403099	  5.666145	 18.136646	 -0.751294	 -0.372292	  0.544937	
274	  7.114774	 15.728397	 13.787474	  0.936483	 -0.285334	 -0.203923	
275	 12.993494	  5.195914	 12.510448	  0.319360	 -0.971480	  0.673902	
276	 22.488070	  4.781377	  3.515246	  0.218557	  0.840307	  0.496103	
277	 15.525021	  7.296880	  5.230791	  0.254320	 -0.966408	  0.037110	
278	 24.390196	  2.950125	  3.622748	  0.524680	 -0.437904	 -0.083932	
279	 30.031952	 16.391500	 22.330526	  0.783834	 -0.457170	  0.420238	
280	 18.300470	  6.409150	 17.680464	  0.592409	  0.698910	  0.400719	
281	 26.098434	  2.042737	 25.659164	 -0.028591	  0.425447	  1.038298	
282	 25.476582	  2.790268	  0.857861	  0.347107	 -0.867147	  0.357173	
283	  9.584213	  5.047518	 16.698174	 -0.162551	 -0.063879	  0.984630	
284	 13.171547	  8.583836	  9.993114	 -0.242587	  0.696279	  0.675535	
285	  2.522900	  1.260598	 21.454098	  0.721929	  0.214474	  0.232262	
286	 29.373659	 27.976097	 21.729662	 -0.700029	 -0.154925	  0.697106	
287	  6.715219	 29.096758	 22.938177	  0.375498	 -0.458081	 -0.503482	
288	 25.189192	  4.788587	 19.960997	 -0.545343	  0.105359	  0.831565	
289	 14.766262	 11.543676	 18.769516	 -0.126078	 -0.095753	  0.987388	
290	 10.875165	 12.781629	 13.618786	  0.478953	  0.488103	  0.729629	
291	  9.099986	 12.991372	 19.610441	  0.138787	  0.277875	  0.950539	
292	  5.450139	 27.643122	 22.137503	 -0.365843	  0.429228	 -0.439742	
293	 28.737988	 11.933352	 11.789166	  0.292981	 -0.769938	 -0.566884	
294	  1.507563	 11.352333	 16.200747	 -0.661322	 -0.612025	  0.433681	
295	  9.835159	 15.230601	 14.470173	  0.471887	  0.620020	  0.662353	
296	  7.950179	 28.784349	 28.806519	  0.806879	  0.464872	  0.228480	
297	 29.677168	  6.066662	 27.722282	  0.428736	 -0.887663	 -0.603514	
298	 28.373415	  3.618303	  0.255555	  0.184507	 -0.423149	 -0.887075	
299	 24.107445	 19.459833	 23.083088	  0.470829	  0.647911	 -0.218019	
300	  1.024723	 12.083734	 18.975332	 -0.047087	  0.044178	  0.997913	
301	 27.911697	 20.800190	 19.642895	 -0.123417	  0.490984	  0.870424	
302	 19.185314	  3.556100	 15.282523	 -0.808572	  0.482820	  0.254822	
303	  4.838698	 16.740465	 25.027361	 -0.069939	 -0.168522	 -0.948080	
304	 17.385252	 10.197258	  0.790788	 -0.015280	 -0.912898	 -0.123331	
305	 15.413868	  4.606825	 14.375788	  0.854814	  0.651498	  0.607246	
306	 19.371454	 15.496494	 11.046259	  0.028796	 -0.848395	 -0.536756	
307	 14.969023	  3.028933	 28.546272	 -0.115029	 -0.980618	 -0.158610	
308	 17.369234	 28.932089	 24.046213	 -0.708346	 -0.683813	  0.175057	
309	  0.138017	  2.051352	  3.061601	  0.359092	 -0.313806	 -0.127807	
310	 20.570225	  7.668921	  9.600779	 -0.646871	 -0.002651	  0.762595	
311	 21.446470	  1.119710	 23.925240	  0.139313	  0.209812	  0.967766	
312	 27.071333	 17.091728	 20.334578	  0.824242	  0.179042	 -0.537186	
313	  0.843715	 28.441006	 20.063032	 -0.920987	 -0.910356	 -0.259054	
314	 23.724295	 16.672892	  3.230961	  0.740606	  0.644347	  0.190576	
315	 21.219961	  2.603518	 14.859019	  0.217784	 -0.164876	  0.961970	
316	  6.283946	 24.788534	 17.991491	  0.240063	 -0.771777	  0.427403	
317	  8.278906	  8.999794	 20.419411	 -0.235903	  0.640217	 -0.731076	
318	 22.560196	  2.590311	  1.384476	 -0.623411	  0.511647	 -0.591250	
319	  5.004743	 15.179783	 23.036518	 -0.796111	  0.602844	 -0.052781	
320	  9.749788	 29.830511	 26.388206	  0.400303	 -0.397708	 -0.825582	
321	  5.209371	 23.921206	  6.100272	 -0.221048	 -0.947009	  0.233048	
322	  5.911077	 10.333586	 22.018606	  0.588349	 -0.501106	  0.456748	
323	  8.011647	 24.174582	 13.182869	 -0.205256	  0.005424	 -1.214135	
324	 28.931496	 18.703287	  8.546277	  0.196292	  0.698091	 -0.688577	
325	 17.845251	 14.696445	  0.919275	 -0.495745	 -0.581319	 -0.645217	
326	 15.146642	 21.539480	 19.421001	 -0.648254	 -0.073443	 -0.757874	
327	 24.770971	 22.691761	  5.601031	 -0.566795	 -0.095236	 -0.818336	
328	  1.345946	 10.000134	 19.168427	  0.265309	  0.009095	 -0.954536	
329	 11.947508	 10.045975	  4.518979	 -0.521545	  0.838555	 -0.157532	
330	 13.745241	 27.599827	 27.833731	 -0.461107	  0.757056	  0.462867	
331	 29.375851	 16.887556	 25.389193	  0.260417	  0.727455	  0.634816	
332	 12.916515	 12.577332	 18.391310	 -0.504195	  0.859857	  0.080207	
333	 28.355431	 21.394941	 11.210344	  0.950720	  0.304909	  0.056235	
334	 16.356886	 11.144819	 27.045364	  0.212823	  0.207060	 -0.954899	
335	  0.703174	 21.764099	  2.590615	 -0.033774	 -0.880090	  0.629958	
336	 21.090656	 17.451088	 23.938581	  0.418910	 -0.840455	 -0.343730	
337	 23.384783	  9.973051	  4.634251	 -0.049693	  0.347989	 -0.441110	
338	 21.972172	 17.957983	  9.272083	  0.790428	 -0.595841	  0.142119	
339	 26.505123	 20.976460	  0.762227	 -0.280302	  0.751227	 -0.114705	
340	 18.800413	 28.826986	 25.408646	 -0.052294	 -0.932632	  0.357019	
341	 15.348808	  4.636209	 17.361568	 -0.252926	  0.940771	  0.225784	
342	 21.700912	  3.685771	 14.346836	 -0.726222	  0.640150	 -0.250618	
343	 16.621233	 22.162842	 21.195208	 -0.736456	  0.291488	  0.610465	
344	 25.638969	 10.417423	 26.664803	 -0.016216	 -1.161215	  0.646596	
345	  2.884295	 26.016184	  7.705927	  0.733786	  0.482480	  0.478300	
346	 25.288225	  7.960523	  3.287383	  0.844676	  0.396375	 -0.359736	
347	 15.376596	 26.946041	 16.716839	 -0.912473	  0.374286	 -0.165239	
348	 15.619617	  0.513833	 10.478591	  0.530634	 -0.662074	 -0.529232	
349	 19.322821	 28.854336	 16.406673	 -0.857178	 -0.276857	 -0.570358	
350	 12.891853	 20.892597	 20.190548	 -0.401378	 -0.628551	 -0.666198	
351	 17.229969	 14.252734	  0.509111	 -0.166961	 -0.295205	  0.940733	
352	  5.063133	  3.244302	  8.147216	  0.703090	  0.062806	  0.708322	
353	 21.251757	 16.777719	 22.035448	  0.575620	  0.193707	 -0.794443	
354	 16.815723	  1.827429	  2.925244	  0.563109	 -0.477500	  0.674464	
355	  9.811738	 21.267303	 21.405138	 -0.310804	 -0.822586	 -0.476186	
356	 11.506857	 19.633457	  0.787515	  0.396448	 -0.803213	 -0.444610	
357	 12.469234	 21.460108	 27.078920	  0.972815	 -0.231525	  0.005292	
358	 19.951830	 23.410919	  8.807699	 -0.813512	  0.104770	 -0.572033	
359	  8.619680	  5.783002	 19.687145	 -0.877270	 -0.478797	 -0.033936	
360	 22.707533	 13.260628	 28.960464	  0.363387	 -0.798494	 -0.479956	
361	 19.399910	  0.651001	 21.816275	 -0.801940	 -0.556643	  0.216890	
362	 24.445057	 12.623332	  9.031900	 -0.591974	  0.651097	 -0.475015	
363	 26.558443	  1.458611	 10.914556	  0.267119	  0.337276	  0.525143	
364	 25.289194	 28.259642	 20.049181	  0.639633	 -0.559233	  0.376053	
365	 11.272263	 20.667572	  2.791661	 -0.281690	 -1.185139	  0.155813	
366	  9.035117	 24.196995	 18.904381	 -0.300028	  0.126535	  0.975711	
367	  2.285065	  2.170684	  6.406255	  0.296896	  0.788029	  0.539317	
368	 23.257790	 28.910725	 15.907159	  0.205289	 -0.888200	  0.411043	
369	 11.485104	 10.455751	 24.376684	 -0.385781	  0.761370	 -0.521045	
370	 23.530275	 23.034220	  9.057301	 -0.496863	  0.193627	  0.235597	
371	  7.233655	 22.269762	  2.438040	  0.304081	 -0.784124	 -0.541003	
372	 29.689980	 26.847475	  5.460447	 -0.336629	 -0.639908	  0.690796	
373	 24.798950	  6.897450	 28.036301	 -0.474388	 -0.033536	  0.879677	
374	 28.369186	 21.511641	 26.914825	 -0.660790	  0.116017	  0.741550	
375	 15.343210	 29.051893	 20.439451	  0.565513	  0.699220	 -0.437363	
376	 23.641220	 26.635897	 28.314001	  0.230550	  0.130309	 -0.964296	
377	  9.651145	 16.179970	 20.868767	  0.639568	  0.715573	 -0.280906	
378	  2.969310	 21.146673	  0.355450	  0.054668	  0.968058	 -0.244696	
379	 10.482584	  5.879624	  8.373947	  0.111595	  0.722493	 -0.682312	
380	 24.575729	  9.262892	 29.873678	  0.286764	 -0.773542	 -0.543812	
381	  8.263999	  0.542816	  1.722536	 -0.822159	 -0.555387	 -0.124897	
382	 26.635704	  7.657896	  6.534098	  0.991370	  0.554221	  0.485728	
383	 19.910917	 23.860378	 10.255626	  0.822669	 -0.460727	 -0.333087	
384	 19.146769	  5.594313	 12.925011	 -0.974413	  0.068755	 -0.213991	
385	 19.695637	  7.090090	  4.288855	 -0.520378	 -0.135953	 -0.843044	
386	 12.543219	  2.264944	 10.365113	 -0.115362	  0.365699	  0.239810	
387	  6.253920	 18.340504	 24.495771	  0.244968	  0.730392	  0.637588	
388	 27.591490	 26.476894	  3.640047	  0.021802	 -0.278104	 -0.017281	
389	 27.085415	  6.792396	 15.594369	  0.930288	 -0.366710	 -0.009407	
390	 16.395575	 28.472733	 29.441799	 -0.604976	 -0.461621	  0.648776	
391	  7.559759	  2.710957	 14.829326	  0.432383	 -0.210568	  0.807568	
392	  7.609363	  0.461747	 20.366894	  0.093379	  0.681360	 -0.725967	
393	  0.591244	 21.009855	 11.189926	  0.314982	 -0.294065	  0.902393	
394	 19.061209	 15.022676	 25.829859	 -0.905162	 -0.068952	  0.419436	
395	  3.106774	  1.669382	  1.302936	 -0.314868	 -0.463895	 -0.010721	
396	 18.180870	 21.450193	 20.119158	 -0.025154	  0.244160	  0.969409	
397	 23.568306	 22.017340	 12.697081	 -0.573119	  0.919992	  0.124159	
398	 11.750559	 15.672830	  5.392342	  0.467098	  0.375135	  0.800683	
399	  6.085502	  7.762343	 25.378782	  0.205659	  0.001731	 -0.394710	
400	 25.083303	  3.733619	  0.502534	 -0.325323	  0.431904	  0.841204	
401	  4.602680	 19.421099	 17.366592	  0.078401	 -0.982885	  0.166705	
402	 26.067684	 26.172607	  5.075097	 -0.580047	 -0.008618	  0.582812	
403	  5.152072	  3.270656	  1.622346	  0.645704	  0.195093	 -0.738245	
404	  2.118688	 11.857094	 20.167042	  0.809135	 -0.409815	  0.421131	
405	  6.344755	 19.630785	 20.509609	 -0.696376	 -0.037153	 -0.716715	
406	 26.127958	 26.235989	 17.888920	  0.085200	  0.717830	 -0.690985	
407	 14.247003	  8.102927	  2.770010	  0.975785	 -0.144511	  0.164196	
408	 18.898159	  3.555047	  9.816565	  0.077414	  0.972347	 -0.220337	
409	 28.347113	 26.695333	  8.074519	 -0.965215	 -0.057249	 -0.255114	
410	 24.889181	  9.299944	 18.361856	  0.586439	 -0.039050	 -0.809051	
411	 16.336470	 10.966908	  4.014579	 -0.282665	 -0.364751	 -0.887163	
412	  2.486432	 23.433350	 23.181290	 -0.687421	  0.601343	  0.407234	
413	 26.124784	  1.109177	  4.468857	  0.452095	  1.058713	 -0.075257	
414	 20.451239	  9.830853	  8.534362	 -0.079977	 -0.276396	  0.307939	
415	 22.876188	 19.860554	 28.693224	 -0.075883	 -0.089824	 -0.044292	
416	  2.665051	 28.808155	 27.786770	 -0.550990	 -0.799081	 -0.240583	
417	 12.568641	  6.858302	 10.481640	 -0.852600	  0.384334	  0.354064	
418	  9.884098	 13.242092	  2.971153	  0.207568	 -0.845455	  0.492059	
419	 24.058434	  7.818933	 12.003490	 -0.687663	 -0.490094	 -0.535656	
420	 28.580574	  8.470349	 19.588886	 -0.852008	 -0.483069	  0.201808	
421	  9.276747	  8.852728	 13.564215	 -0.630998	 -0.640503	  0.437719	
422	 29.798214	 16.345482	  5.751348	 -0.307681	 -0.898202	 -0.313952	
423	 25.271408	 26.384081	  1.204762	 -0.370252	  0.437676	  0.819361	
424	 11.613981	 17.388464	 22.418211	  0.911369	  0.164384	 -0.250575	
425	 13.687268	  3.951059	 27.200775	  0.475623	  0.361498	 -0.833781	
426	 12.862713	 20.278111	 11.795284	 -0.910115	  0.369763	 -0.186994	
427	  5.721730	  2.162570	 18.123098	  0.220961	  0.313572	  1.141472	
428	 26.385046	  7.867072	 24.656340	  0.263276	  0.175653	 -0.948595	
429	  9.393280	  8.713512	  9.749886	  0.671314	  0.440363	 -0.596169	
430	 15.666298	  0.815608	 21.808855	 -0.397613	 -0.859134	  0.322168	
431	 12.548712	 24.115047	 29.860205	 -0.585699	 -0.595095	  0.550289	
432	 25.487341	 13.317249	  5.552975	 -1.133072	  0.152821	 -0.413101	
433	 15.049136	  6.679419	 25.127865	 -0.333879	  0.932674	  0.136543	
434	 23.005436	 25.941420	 23.235319	  0.582012	  0.810525	  0.065670	
435	 12.812256	 17.955757	 20.700701	 -0.559605	  0.808482	  0.182208	
436	 15.128383	 12.297745	  9.312661	 -0.565660	  0.656204	  0.499425	
437	 17.364500	  9.851711	 12.153772	 -0.117160	  0.508007	 -0.561720	
438	  7.023087	  9.231492	 14.110105	 -0.361593	  0.797545	 -0.482880	
439	 20.099512	  2.985715	  8.947180	  0.468405	 -0.530430	  0.116616	
440	  7.168188	  8.154402	 23.837753	  0.318999	 -0.734264	  0.599246	
441	  0.078380	  5.127747	 21.570768	  0.039693	 -1.154305	 -0.316613	
442	  8.436907	  3.657200	 23.350183	 -0.587962	 -0.587595	 -0.555907	
443	 13.938993	 21.313860	 26.094009	 -0.444585	  0.723313	 -0.528358	
444	  8.749107	 21.911295	 18.577356	 -0.467772	 -0.143630	 -0.636910	
445	  6.564780	  2.665428	 27.813585	  0.665660	 -0.697214	  0.266062	
446	 29.496845	 20.219643	  8.218524	 -0.455869	 -0.829454	 -0.416791	
447	  7.968594	 12.738090	 15.962353	  0.352030	  0.151071	  0.923717	
448	 23.362757	  9.469115	  3.966932	 -0.433004	 -0.721099	 -1.004558	
449	 13.946937	 17.595442	 29.426149	  0.594937	  0.043982	 -0.802568	
450	 12.995806	 24.335922	 15.020884	  0.132272	  0.943915	 -0.302536	
451	  6.249869	  7.591004	 21.582069	  0.220979	 -0.189994	 -0.956593	
452	 11.142153	 15.381925	  7.053876	 -0.112267	 -0.427419	 -0.897056	
453	  5.721193	 25.836821	 20.982372	 -0.043079	 -0.472667	  0.459245	
454	  8.372331	  7.736067	  0.763016	 -0.227010	  0.485503	  1.104377	
455	 16.972902	 26.160576	 29.406349	 -0.373458	 -0.463612	 -0.803488	
456	 18.676254	 27.550554	 20.808012	  0.218391	  0.375331	  0.900795	
457	  9.899502	 15.934046	  1.701999	 -0.476904	  0.529200	  0.701791	
458	 23.179558	 20.061554	 26.343267	  0.969297	 -0.245808	  0.006411	
459	 21.049994	 18.429167	  6.090936	 -0.437635	  0.881627	 -0.176661	
460	  4.817834	  8.880138	 15.108058	  0.616620	 -0.769850	 -0.164656	
461	 20.371378	 25.227827	 17.593447	  0.134435	  0.827913	  0.561501	
462	  1.733659	 25.960321	 27.187477	  0.517170	  0.231176	  0.824071	
463	 11.141639	 14.616110	  1.290107	 -0.115875	  0.959839	 -0.255506	
464	 17.694408	  3.901295	 18.406256	  0.698447	  0.124699	  0.836207	
465	 25.149817	  0.262107	  2.348304	 -0.968138	 -0.227576	 -0.104493	
466	 25.676983	 13.261976	 11.967064	  0.592112	  0.624730	  0.509034	
467	 17.551291	 21.335846	 20.027355	  0.072387	 -0.092950	  0.993036	
468	 24.366451	  8.507178	 22.963326	 -0.115989	  0.880096	  0.052899	
469	 26.774061	 11.454102	 16.755724	  0.471311	 -0.875170	  0.109284	
470	 19.824635	  8.306431	 12.384779	 -0.921051	  0.248323	 -0.300003	
471	  8.817255	  9.211426	 19.491364	 -0.477561	 -0.806129	  0.349415	
472	 18.772026	 10.847297	 18.668583	 -0.895235	  0.304223	 -0.325580	
473	 10.650432	  9.580018	  3.951436	 -0.424203	 -0.044883	  0.952266	
474	  3.447456	 20.138779	  2.228874	  1.032868	 -0.344778	  0.016547	
475	 12.681476	 21.326134	 23.345716	  0.802920	  0.759165	  0.076231	
476	 20.072517	 21.052298	  8.459914	  0.521609	  0.671167	 -0.383341	
477	 28.182062	 18.693356	  9.704484	  0.446399	  0.085133	  1.015990	
478	 14.522926	  2.084913	  3.536993	 -0.678740	  0.570975	 -0.461844	
479	 22.895164	  6.233829	 23.208027	  0.148764	  0.701938	 -0.696529	
480	 10.760941	 20.008598	 22.716053	 -0.394274	 -0.039925	  0.757205	
481	 10.777706	 19.832670	  2.499400	 -0.195775	 -0.951975	 -0.235406	
482	 28.954376	 19.051632	 26.321783	 -1.042169	 -0.041436	  0.168644	
483	  0.189911	 28.699045	  9.662644	 -0.412264	 -0.454974	  0.789327	
484	  4.278513	  0.328507	 19.003141	  0.713082	 -0.352251	  0.606163	
485	 11.859791	  9.296657	 15.005854	 -0.393379	  0.100461	 -0.913871	
486	 23.166037	 21.812023	 28.535666	 -0.062514	 -0.964728	 -0.255718	
487	 19.026913	 21.353937	  0.272475	  0.006812	 -0.011989	  0.999905	
488	 17.802307	  0.970226	 15.123045	 -0.556200	  0.768891	 -0.315354	
489	  0.651407	 23.558594	  3.445835	 -0.306642	 -0.641537	  0.554908	
490	  1.494433	 12.041695	  2.147455	  0.616083	 -0.341247	 -0.709924	
491	 12.900767	 19.106174	 16.305958	  0.381715	  0.885734	  0.264136	
492	  4.720934	 20.708843	  4.968445	 -0.581125	 -0.641191	 -0.501166	
493	  9.915880	 27.556770	 20.878609	  0.734488	 -0.155788	 -0.660498	
494	 24.237373	  7.116112	  8.054461	 -0.314439	 -0.330713	  0.889807	
495	 25.886248	 18.455688	 25.507650	  1.068363	 -0.462060	  0.002668	
496	  8.443222	 20.396589	 24.989655	  0.863429	 -0.503416	  0.032600	
497	 28.160439	 25.170546	 24.139692	 -0.044776	  0.049953	 -0.997747	
498	  8.628985	 12.984913	 20.145939	 -0.065633	 -0.767939	 -0.637151	
499	 11.118502	 22.960600	  0.315971	  0.261192	 -0.890522	  0.372491	
500	  4.771333	 16.909916	 28.967722	  0.284492	  0.746358	 -0.601677	
501	 25.594837	 10.294193	 14.256733	  0.196319	 -0.734577	 -0.461115	
502	 28.925987	 10.796074	  8.042327	  0.046457	 -0.991143	 -0.124408	
503	 17.184427	 19.757435	  4.942183	 -0.545295	 -0.120237	  0.829576	
504	  8.603496	 19.501276	 29.747183	  0.072237	 -0.980567	  0.182403	
505	  1.974293	 19.111143	 15.161404	  0.024747	 -0.763109	  0.087919	
506	 10.470433	 16.903915	 24.680683	 -0.418716	  0.596073	 -0.030371	
507	 13.540826	 13.694662	 16.990950	 -0.388932	  0.538076	  0.747800	
508	 22.528593	  4.999669	  8.093115	  0.351126	 -0.244740	 -0.903777	
509	  7.074861	 29.411129	 16.358538	  0.781770	  0.449754	 -0.431923	
510	 29.111301	 12.699553	 12.130267	 -0.610370	 -0.522267	  0.306851	
511	 29.076180	 29.691624	  1.103205	  0.465948	 -0.346206	  0.814269	
512	 11.541745	 22.304932	  6.830420	  0.589963	  0.244122	  0.098630	
513	 26.610313	 17.196728	 24.046640	 -0.553997	  0.012749	  0.832421	
514	 19.237780	 12.786630	  6.827767	  0.371323	 -0.512462	  0.203100	
515	 23.479939	  5.719875	  4.581833	  1.088378	  0.044092	 -0.655469	
516	  6.973020	 14.287935	 10.398811	 -0.558131	 -0.790629	  0.251787	
517	 11.466688	 10.831259	 13.261795	  0.998615	 -0.041580	 -0.032238	
518	 29.616869	  9.218567	  7.575038	  0.857526	 -0.513149	 -0.036447	
519	 22.113106	 15.832972	  5.305489	  0.845082	  0.050480	 -0.066338	
520	 28.107756	  7.696357	  4.332753	 -0.193754	  0.360194	  0.912535	
521	 21.146313	 15.494149	  3.817089	 -0.978662	  0.177709	 -0.103149	
522	 26.254637	 13.312839	  0.144861	 -0.781922	 -0.180898	 -0.632764	
523	 25.132683	 15.859150	  8.926538	 -0.480284	  0.892790	 -0.578378	
524	  3.212248	 22.285946	 16.039080	  0.325811	 -0.582164	  0.744938	
525	 12.991921	 10.473740	 22.097540	 -0.399234	 -0.882560	  0.248394	
526	  5.208217	  8.975714	 29.358501	 -0.355446	 -0.684157	 -0.636858	
527	 24.551394	  3.082300	  4.571972	 -0.048684	 -0.808089	 -0.235790	
528	 23.701357	 29.723139	 15.749537	  0.015401	  0.762242	  1.071389	
529	 12.874743	 15.415148	 16.569820	  0.377954	 -0.889409	 -0.257104	
530	  2.126649	 29.976244	  0.766698	  0.430665	  0.754853	 -0.715611	
531	 11.399620	 11.004670	 22.744308	  0.344089	  0.812450	 -0.470667	
532	 13.788767	 15.360799	 22.167503	 -0.312940	  0.659376	  0.683587	
533	  6.855064	  3.371431	 14.343393	  0.359409	  0.775478	 -0.341552	
534	 28.501320	  4.308942	  8.581422	 -0.460952	  0.557602	 -0.690364	
535	 15.780642	  3.395620	  9.208423	  0.579735	  0.232482	  0.041232	
536	 21.244785	  8.048089	 26.976799	  0.418131	  0.881754	  0.218350	
537	 19.063124	  0.046360	 28.292629	 -0.740795	 -0.037477	 -0.861388	
538	 13.354073	 10.816553	 13.474524	  0.092897	 -0.490967	  0.866211	
539	 26.669992	 17.879290	 27.611330	 -0.524195	 -0.838674	 -0.147800	
540	 20.827906	 21.956421	 27.241201	 -0.557761	 -0.483170	  0.674870	
541	 28.323742	 14.898031	 23.466522	  0.441268	 -0.704197	 -0.556228	
542	 18.195475	  2.001773	 18.594313	 -0.481764	 -0.527951	 -0.699408	
543	 18.306892	 26.234329	  8.692104	  0.063292	 -0.972073	  0.225981	
544	 14.967098	 16.781839	  2.096678	  0.924161	 -0.359502	 -0.422399	
545	  7.241055	 29.392601	  2.535619	  0.164292	  0.237500	  0.957393	
546	 14.185972	  6.990664	 25.640566	 -0.756044	 -0.545367	  0.122514	
547	 26.032791	  3.707790	 29.848095	  0.062107	  0.453051	 -0.706198	
548	  3.745581	 16.656078	  0.746432	 -0.461805	 -0.479049	 -0.683752	
549	  8.450191	 18.964264	 26.694178	 -0.008075	 -0.697800	  0.593330	
550	 11.131162	  4.081461	 27.750681	 -0.229216	 -0.941363	  0.247579	
551	  3.043329	 23.070030	  0.250358	 -0.231671	 -0.203331	 -0.951307	
552	  3.577169	 12.845152	 14.667402	 -0.756989	 -0.019498	  0.653136	
553	 17.581015	 10.177245	 16.392475	 -0.629734	 -0.002170	 -0.776808	
554	 26.694929	 22.969515	 13.506295	 -0.449974	 -0.702692	 -0.551134	
555	 24.389223	  8.232221	  4.902803	  0.435918	 -0.647847	  0.573127	
556	 16.834171	 14.885220	 11.218345	  1.046073	  0.386450	 -0.579729	
557	 22.533262	 11.190041	 20.940502	  0.657945	  0.757486	 -0.787750	
558	 19.046431	  8.886565	 23.443213	 -0.902678	 -0.349292	  0.770811	
559	 15.949266	 12.313542	  7.754840	  0.621609	  0.783293	  0.007377	
560	 20.876177	  7.547263	  1.719213	  0.640046	  0.439146	 -0.630470	
561	 18.417870	  5.657657	 23.703232	  0.014652	  0.515736	 -0.856622	
562	 29.204144	  9.673681	  1.797487	  0.028752	  0.764002	  0.644572	
563	 12.511586	 12.167333	  3.932225	  0.552461	  0.232608	 -0.522215	
564	 20.406326	  6.475475	  8.312113	  0.448903	  0.788622	 -0.420193	
565	  5.945869	  8.764317	  0.814966	 -0.410921	  0.657061	  0.631992	
566	 28.338978	 10.056427	  5.479500	  0.284417	  0.592135	  0.753978	
567	 19.601234	 23.150562	  7.175559	  0.503290	 -0.860464	  0.079374	
568	  4.170185	  9.971246	 29.956963	  0.510818	  0.399531	 -0.761210	
569	 21.882509	 27.685543	 15.913786	 -0.103646	  0.402555	  0.909509	
570	  6.048110	 11.129204	  6.498687	  0.670740	 -0.727186	  0.145974	
571	  8.426451	  7.186054	 28.779514	 -0.372162	  0.340556	 -1.049728	
572	 21.978689	 16.298691	 27.970568	 -0.914858	  0.041285	  0.401660	
573	 20.509817	 17.615507	 16.129919	 -0.565132	  1.185490	 -0.269233	
574	  9.716697	  6.126361	 22.888792	  0.672257	  0.727543	  0.136940	
575	  7.708569	  2.359750	 14.656058	 -0.493086	 -0.882568	  0.307377	
576	  3.774178	 26.600843	 10.319643	  0.710878	 -0.674662	 -0.198704	
577	  9.783647	 13.049604	 14.284963	  0.673168	 -0.735809	  0.073689	
578	 14.082681	  1.378472	  0.165645	  0.649032	 -0.750256	  0.125985	
579	 23.141525	 25.515724	 26.861378	  0.022707	 -0.853644	 -0.520362	
580	 15.435258	  8.415065	 17.647846	  0.167843	 -0.041017	 -0.977259	
581	 18.049030	  6.718050	  3.523876	  0.198416	 -0.894302	 -0.401068	
582	 14.115748	  3.718333	  0.999258	  0.959522	  0.199587	  0.198701	
583	 22.387548	  9.135959	  5.409483	  0.539452	 -0.352879	  0.764505	
584	 25.184271	  6.032422	 28.813154	  0.098322	  0.315179	  0.738751	
585	 25.188023	  6.341019	 28.231754	 -0.344746	 -0.698669	  0.626907	
586	  5.627006	 20.113974	  2.838871	 -0.376597	  0.858281	  0.348609	
587	 24.627579	 21.541283	 27.020939	 -0.331241	 -0.920642	 -0.206635	
588	  0.754677	 19.166248	 27.751686	 -0.528631	  0.611522	  0.588718	
589	  1.815545	 21.557568	 15.811328	  0.068300	 -0.873954	  0.481185	
590	 23.775642	 25.516506	 27.134808	  0.789201	 -0.160900	 -0.712671	
591	 15.569887	 20.090961	 18.552876	 -0.346142	 -0.790161	  0.505798	
592	  5.042221	 24.334980	 14.734150	 -0.014985	  0.226377	 -0.973925	
593	 14.738716	 10.276087	 28.944727	  0.555716	 -0.035508	  0.303792	
594	 18.590052	 20.096323	 19.503460	  0.362244	  0.142718	 -0.921092	
595	 26.128929	  1.450784	 18.412210	 -0.897157	  0.263584	 -0.354446	
596	 10.068560	 23.282808	  3.068388	 -0.387582	  0.828263	 -0.404673	
597	 10.897893	  3.463055	  1.635611	  0.918840	  0.199475	 -0.340504	
598	 25.003988	 24.748999	  8.558014	  0.329707	  1.163050	  0.024961	
599	 11.781812	  2.973285	  6.709399	  0.684880	  0.714589	  0.142483	
600	  8.801806	  2.075438	  1.105366	 -0.833908	 -0.482775	 -0.267443	
601	 12.515478	  4.434400	  4.936795	 -0.406537	  0.821194	 -0.482898	
602	 25.477989	 20.229179	 25.577509	 -0.721697	  0.418188	  0.551609	
603	 21.633904	 13.560494	 28.464989	 -0.803295	  0.510512	  0.306749	
604	 14.820773	  3.718660	  0.455275	  1.364640	 -0.096596	  0.210806	
605	  1.825351	 11.424439	  4.389515	 -0.268878	  0.383357	  0.883596	
606	 19.370966	  4.411559	  8.230958	 -0.964219	  0.177667	 -0.294750	
607	 25.595396	 13.210534	 14.203485	  0.237957	  0.526972	 -0.815890	
608	  0.205707	 23.539055	  2.715925	 -0.375846	 -0.393014	 -0.943800	
609	 20.510868	 25.364580	  8.220323	  0.648276	  0.566725	 -0.081942	
610	 28.573448	 19.429581	 28.244089	 -0.231944	  0.728976	  0.976169	
611	 24.524458	 13.514948	 23.832476	 -0.884944	  0.149721	  0.440973	
612	 26.028496	 26.498672	 23.303852	  0.473059	 -0.031174	 -0.880479	
613	  9.452972	 29.620649	 15.796805	 -0.174959	 -0.565328	  0.806098	
614	  6.079959	  4.364504	 13.045198	  0.001076	 -0.517619	 -0.855611	
615	 16.614389	  5.709625	 19.393055	 -0.759600	  0.213607	  0.122935	
616	 12.303299	  6.460571	 13.320409	  0.204056	  0.810746	  0.446875	
617	 14.201756	 29.932114	 22.056072	 -0.635244	 -0.692112	  0.342704	
618	 11.153934	 28.250792	 29.131771	  0.037565	 -0.225395	  0.388590	
619	  5.824672	  4.629842	 28.786331	 -0.625109	 -0.594113	  0.506230	
620	  3.588266	 27.869875	  6.887532	 -0.966522	  0.210417	  0.146832	
621	 14.390466	  2.323774	 19.244028	  0.493742	  0.869521	 -0.012334	
622	 25.349276	  7.323009	 29.700659	  0.092897	  0.515646	 -1.034756	
623	 20.566343	 15.884675	 16.936506	 -0.356509	  0.094890	  0.258167	
624	 18.879154	  4.298159	 14.899591	  0.652920	 -0.742680	  0.148735	
625	 13.492260	 12.374144	 16.187153	  0.091452	  0.071713	  0.993224	
626	 29.793159	 22.192274	 20.340899	  0.410373	 -1.075452	 -0.276088	
627	 12.922728	  5.288131	 28.229572	  0.072859	  0.019130	 -0.997159	
628	  9.103149	 23.648464	  9.616053	  0.660166	 -0.171329	  0.731319	
629	  7.323836	  6.046240	  5.006130	  0.544574	  0.837108	 -0.051862	
630	 29.901684	 28.396494	 20.306995	 -0.747455	 -0.197600	 -0.634244	
631	  5.262349	  4.343655	  7.276397	 -0.795084	 -0.598276	  0.099534	
632	 20.212973	 12.395669	  2.377690	  0.934481	  0.053420	 -0.351984	
633	 28.549614	 10.451088	 12.941194	  0.988052	 -0.103861	 -0.113868	
634	  0.312809	  3.667766	 11.449797	 -0.950757	  0.284578	  0.122783	
635	  6.023615	  7.299615	 15.962404	 -0.511953	 -0.683612	 -0.520172	
636	  6.813239	 22.300320	  0.113726	 -0.070927	  0.921984	  0.380678	
637	  4.776334	 20.444084	 20.705549	  0.293786	 -0.947752	 -0.124320	
638	  0.198234	 16.091940	 19.572042	  0.113041	  0.770828	 -0.625940	
639	  2.302351	  5.265577	 26.783751	  0.177872	  0.688663	  0.060701	
640	  5.769460	  1.963182	  5.560354	  0.859257	  0.376774	  0.346004	
641	  7.871572	 11.787306	 12.805399	 -0.599790	  0.726500	  0.335337	
642	  8.848781	  9.761392	 20.127956	 -0.648130	 -0.617246	 -0.816938	
643	  9.445106	 17.155556	 22.084965	  0.043913	 -0.291715	 -1.119190	
644	 15.939153	  7.204479	 19.173460	  0.777535	 -0.181555	  0.583867	
645	  8.006956	  4.404854	 25.786617	 -0.844605	  0.034764	 -0.534260	
646	 25.402025	 12.174583	 20.374981	  0.172574	 -0.467421	 -1.042452	
647	 22.042221	  2.899881	 11.266426	  0.309279	 -0.618741	 -0.509243	
648	 18.560358	 12.728657	  7.190967	 -1.083655	  0.320571	 -0.121648	
649	 14.536108	  6.650752	  8.676566	 -0.153853	  0.034485	 -1.022252	
650	 29.672506	  0.333084	  4.660682	 -0.832086	  0.381320	 -0.627830	
651	 11.961626	 25.108633	  4.160750	  0.105138	  0.505450	  0.856426	
652	  8.627687	  0.650679	 22.034838	  0.434651	 -0.110177	 -0.893834	
653	 10.251464	 21.123249	  6.923131	  0.889299	  0.343241	 -0.302213	
654	  4.706409	  3.407099	 15.557919	 -0.187670	 -1.127641	 -0.561506	
655	 15.363311	 27.341007	 29.932739	 -0.302977	 -0.333119	  0.892881	
656	 25.428278	 20.919880	 14.906038	  0.263781	 -0.657397	  0.705868	
657	  1.282701	  8.029705	 20.585463	  0.685660	 -0.526067	  0.503113	
658	 10.325013	 25.535463	 28.239885	 -0.166776	 -1.032033	 -0.838974	
659	 23.628172	 17.637304	 20.752337	 -0.180906	  0.146930	  1.208350	
660	 18.206383	 16.087784	 23.526194	  0.189854	  0.359093	  0.913788	
661	 23.375639	 22.842997	 17.318775	  0.216567	 -0.782626	 -0.583605	
662	 24.209589	 25.543343	  8.053814	 -0.635185	 -0.094029	  0.954725	
663	  9.635671	 10.631279	 29.261497	  0.661967	  0.180597	 -0.727451	
664	 14.054068	 17.927803	  9.259283	  0.147937	 -0.880554	 -0.450267	
665	  0.539114	 29.649916	 12.484216	  0.417617	  1.035698	 -0.402799	
666	 18.821657	 23.600628	  0.405200	  0.100070	 -0.090271	 -0.990877	
667	  6.868487	 27.621220	 26.653999	 -0.464682	  0.717688	 -0.518648	
668	  3.021372	 14.547644	  8.668354	  0.092890	  0.635549	 -0.766452	
669	  8.924053	  8.878434	 17.667423	 -1.005863	  0.051950	  0.429280	
670	  8.181080	 18.435152	  6.616495	  0.065491	 -0.420435	 -0.904956	
671	 20.676453	 17.346895	  5.685287	 -0.510935	 -0.719567	  0.470286	
672	  4.484124	  2.585315	  8.925995	 -0.118014	  0.619868	  0.775781	
673	 10.246111	  2.076809	 19.956184	 -0.845997	  0.036854	 -0.155689	
674	 23.041044	  7.738255	 12.319393	  0.670737	  0.502152	 -0.545853	
675	 27.028435	 27.026140	 18.606794	 -0.725304	 -0.685155	  0.809935	
676	 13.765572	  3.678725	  5.085879	  0.732189	 -0.356524	  0.450460	
677	  5.033161	 29.297213	 10.775077	 -0.146052	  0.069483	  0.854768	
678	  2.155345	 11.823224	 12.258032	 -0.413976	 -0.454091	 -0.239818	
679	 28.768835	  7.595774	  8.957226	  0.618347	 -0.823772	 -0.226887	
680	 24.108227	 25.476576	 28.370260	 -0.156404	 -0.079372	 -0.984499	
681	 22.631775	 26.635433	 28.667131	 -0.067677	  0.879242	  0.256368	
682	  1.872518	 25.231411	 23.884325	  0.514205	  0.769102	 -0.379573	
683	  0.490415	 27.576382	 12.073400	  0.394854	  0.739994	  0.544517	
684	 15.805429	 25.298758	  1.541819	 -0.105138	 -0.838434	  0.534766	
685	 10.814509	 13.233943	 26.214310	 -0.051312	  0.995794	  0.075899	
686	 22.740627	 13.692974	  3.611161	  0.729608	 -0.329745	 -0.599117	
687	 10.791846	 26.631615	 28.199986	 -0.117743	  0.349216	 -0.929615	
688	  8.004277	 25.596140	 19.769913	 -0.212338	  0.881292	  0.062150	
689	 28.923191	 14.949136	 14.293016	  0.312531	  1.040800	  0.087018	
690	  5.372117	 22.939690	 17.597080	  0.642560	  0.663294	  0.383611	
691	  4.116749	 26.397724	 22.704506	 -0.979682	  0.044010	 -0.102724	
692	  7.394667	 12.521667	 12.064529	 -0.108486	 -0.832510	  0.543284	
693	 22.893667	  3.795251	 12.888838	  0.840759	  0.532577	 -0.097397	
694	 21.091400	  7.920433	 19.243483	  0.497994	  0.623685	 -0.602511	
695	 29.496338	 28.639854	 13.370581	 -0.416933	 -0.895315	 -0.156772	
696	  7.067272	  3.889380	 28.367859	  0.819382	 -0.398524	 -0.412059	
697	 10.504049	 17.223261	 22.459377	 -0.460614	  0.485724	  0.914298	
698	 19.067104	 25.956095	  9.444451	 -0.782636	  0.521047	 -0.340575	
699	  6.876875	  1.415707	  9.322898	 -0.060913	  0.939133	 -0.338110	
700	 27.594860	  1.545836	  2.038406	 -0.299238	 -0.266158	  0.916306	
701	 25.667557	 27.684671	 29.892967	  0.509502	  0.455803	 -0.729830	
702	  9.196886	  2.187916	 17.556656	  0.506393	 -0.436344	  0.743754	
703	 17.593033	 22.838287	  8.822157	 -0.613644	  0.654202	  0.442109	
704	 26.035349	 24.832678	  7.457431	  0.296503	  0.944712	 -0.140019	
705	 28.042349	 22.937866	 16.221146	  0.547205	  0.585371	 -0.598254	
706	  0.872385	  1.244080	 25.321585	  0.409372	  0.198814	  0.890442	
707	 26.396446	  8.304468	 19.986513	  0.891932	  0.168338	  0.662040	
708	 13.281212	  1.369755	 27.940275	 -0.100730	  0.268536	 -0.957988	
709	  5.347121	 29.125467	 18.301283	 -0.598969	  1.066421	  0.157800	
710	 10.769547	 12.159993	  6.904088	  0.928376	  0.343392	 -0.142126	
711	 18.596123	  2.045939	 19.264084	  1.068781	  0.058266	 -0.336160	
712	 11.636912	 25.129923	  3.615779	  0.935940	  0.139380	 -0.323403	
713	 12.609667	 24.414476	 17.413521	  0.451776	 -0.052584	 -0.458289	
714	 16.952269	 15.210440	 11.456978	 -1.277427	  0.045166	  0.431031	
715	  9.023422	 24.484676	 15.137126	  0.327195	 -1.079723	 -0.179814	
716	 20.898283	 14.962969	 28.639282	  0.163992	 -0.094907	 -0.981886	
717	 24.705467	  3.499030	  1.654388	 -0.397778	 -1.098755	  0.261873	
718	  1.901593	 20.574804	  1.196606	 -0.248822	 -0.055113	 -0.832034	
719	 17.731953	 12.737179	 15.809505	  0.489996	 -0.785813	  0.377363	
720	  0.219680	 23.857986	  0.767365	 -0.592123	  0.364070	 -0.130144	
721	  3.621371	  5.102585	 26.723406	  0.114258	  1.129238	  0.086988	
722	  9.323136	  6.459538	  4.466373	  0.797491	 -0.224852	 -0.338494	
723	  2.971718	 26.648140	 26.359451	  0.820966	  0.566042	 -0.074903	
724	 12.750038	 26.834379	  6.638968	  0.530829	 -0.758918	 -0.377179	
725	 28.254696	 27.989332	  1.087626	 -0.409927	  0.847284	  0.337742	
726	 26.656878	  5.086005	 22.640133	 -0.559314	 -0.581771	 -0.590518	
727	 21.852728	 16.158169	 10.613095	 -0.366866	 -0.838990	  0.401876	
728	 23.610455	 23.101242	  2.960272	 -0.358036	 -0.892171	  0.187290	
729	  9.945902	 21.512894	 15.534851	  0.028247	  0.280834	 -0.959341	
730	 24.874290	  0.877160	 22.016876	  0.715508	 -0.694342	  0.077054	
731	  5.959361	 29.144060	 13.589230	  0.366256	  0.472925	  0.801373	
732	  6.903070	 20.463640	 21.507805	 -0.258718	 -0.675902	  0.690088	
733	  1.523924	 14.907286	 23.327940	 -0.215307	  0.539863	 -0.813751	
734	  1.502597	  1.701494	 20.250278	 -0.928475	 -0.371374	 -0.003961	
735	  6.324589	 25.323994	  8.442460	 -0.373262	 -0.169974	  0.986205	
736	  1.396008	  1.329609	 12.355164	 -0.013796	 -0.985089	 -0.171493	
737	 10.032137	 26.468576	 16.712788	  0.690718	  0.222622	  0.798043	
738	 10.909245	 20.500195	 26.696751	  0.839225	  0.458930	 -0.430923	
739	 11.644980	 15.276817	 20.018328	 -0.657403	 -0.106703	 -0.745946	
740	 14.132102	  0.376636	  6.105880	  0.184074	 -0.939875	  0.099650	
741	 12.808327	  5.715863	 20.119480	 -0.364332	 -0.846283	  0.388673	
742	 28.920023	 29.949297	  6.514851	 -0.866076	  0.499184	 -0.026997	
743	 21.766953	  8.170213	  2.459532	  0.156070	  0.762990	  0.627287	
744	 16.928001	 25.426105	  9.894039	  0.829093	  0.054712	 -0.556427	
745	  5.528719	 25.968161	 16.020866	 -0.332368	 -0.803379	 -0.494079	
746	 21.533524	  8.388206	 15.549264	  0.116993	  0.887718	  0.445274	
747	 27.014780	 21.559992	  0.174324	 -0.612690	  0.722649	  0.625631	
748	  1.332693	 26.474880	 10.318597	  0.434427	 -0.611708	 -0.853936	
749	  4.999202	 24.492847	 10.348623	  0.901106	 -0.189259	  0.390113	
750	 23.768503	 15.452437	 21.134974	  0.881650	 -0.300076	  0.364207	
751	 17.364460	  5.007488	 20.795235	  0.198155	 -0.220064	  0.778777	
752	 26.313568	  3.277028	 22.461346	  0.419598	 -0.134392	 -0.897706	
753	 22.901613	 15.611900	  0.561440	  0.489419	 -0.618438	 -0.614819	
754	 14.733409	 23.627762	  6.294029	  0.137936	 -0.476580	  0.674464	
755	  2.930629	 19.994776	 12.380485	 -0.125452	  0.324501	  0.937529	
756	 19.975328	 26.079021	 23.795872	 -0.201622	 -0.963207	  0.177710	
757	 15.845251	 14.422742	 27.925959	  0.274553	  0.958271	  0.079605	
758	 10.904336	 28.306356	 18.675564	 -0.269452	  0.945074	 -0.185014	
759	 19.455696	 26.183022	  3.856823	 -0.319477	  0.166949	 -0.386058	
760	  0.249045	  5.557506	 19.821644	  0.883361	 -0.421773	  0.204403	
761	 23.148745	 16.078054	 10.944488	  0.104499	 -0.388855	  0.915353	
762	  9.667418	  7.079506	 28.866518	  0.368754	 -0.627341	 -0.685904	
763	 10.040993	  9.604132	 11.134974	  0.123672	  0.199219	 -0.972120	
764	 16.684280	 24.243488	 28.596716	  0.292875	  0.273975	  0.916058	
765	 24.385166	 27.650341	 28.183311	 -0.597867	 -0.565124	 -0.568498	
766	 22.223129	 14.314707	  0.669622	  0.459150	 -0.461045	  0.859114	
767	 25.772499	 11.549495	 25.489157	 -0.208380	 -0.295443	 -0.320189	
768	 13.782316	  0.161960	 12.318035	 -1.023995	 -0.144938	  0.685233	
769	 27.532055	 21.519777	 12.665609	  0.027376	 -0.274627	  0.961161	
770	  5.914461	  7.169869	 24.260647	  0.248353	  0.559777	  0.881914	
771	  6.532759	 21.254257	  3.831828	 -0.833142	  0.542770	  0.106183	
772	 23.018320	 28.026169	 13.470739	 -0.727624	  0.182389	  0.661285	
773	 18.891415	 27.317654	 22.659100	  0.754741	 -0.510258	  0.412314	
774	 13.480289	 21.065090	 24.196453	  0.794498	 -0.584469	  0.164828	
775	  8.901255	 10.007254	 21.619574	 -0.530605	  0.652552	  0.540957	
776	 22.457081	 27.377188	 21.300949	  0.559141	 -0.701688	 -0.441583	
777	  1.345340	 26.273642	 14.502570	 -0.503507	 -0.568843	 -0.185010	
778	  0.615661	 13.462944	  8.372745	  0.555960	  0.567708	  0.607138	
779	 26.468939	 17.918739	  4.042749	  0.208675	 -0.140000	  0.455775	
780	  7.404011	 18.286705	 22.322561	 -0.940654	  0.327838	  0.087703	
781	  5.885985	 14.006474	 21.438213	 -0.164843	  0.933165	  0.319421	
782	  8.915016	 19.957458	  6.105781	 -0.042248	  0.935620	 -0.350473	
783	 11.536297	 22.195229	  0.247221	 -0.552593	  0.506090	 -0.246544	
784	  7.272328	 22.249840	 13.548948	 -0.117281	  0.201707	 -0.972399	
785	 12.830996	 18.739897	 21.818947	  0.552330	  0.809393	  0.199537	
786	 24.290741	 28.607018	  4.174276	  0.927013	  0.141225	  0.347423	
787	 20.920002	 12.952082	  4.004612	  0.218704	  0.248209	  0.943695	
788	 10.844176	 22.821131	 12.974489	  0.694624	  0.582271	  0.422442	
789	  6.696594	 10.267186	  3.635180	 -0.612872	  0.777088	 -0.143251	
790	 26.022007	 17.473932	  0.107511	 -0.304965	 -1.155320	  0.541478	
791	  1.010880	 10.333146	  5.282609	  0.228109	  0.776242	 -0.587719	
792	  7.371223	  5.560954	 11.234272	  0.330328	  0.303492	  0.893743	
793	 12.836552	  9.967792	 21.138140	  0.031070	 -0.732856	  0.679674	
794	  4.048307	 28.269829	  5.076824	 -0.473517	  0.577614	  0.976095	
795	  3.089644	 17.960588	 13.225891	 -0.070287	  1.242617	  0.125999	
796	  6.795589	  3.819695	 15.003119	 -0.953978	  0.616068	 -0.350798	
797	 15.120275	 25.805845	  3.881309	 -0.987667	  0.154471	 -0.025560	
798	  2.775486	 22.335066	 20.681910	  0.861606	  0.378379	  0.338327	
799	 29.297758	 18.823158	 14.400699	 -0.881528	 -0.424843	  0.205952	
800	  2.282812	  9.054217	 23.685410	  0.562886	 -0.027146	  0.826089	
801	 12.582019	  1.865325	  7.813621	 -0.186402	 -0.886409	  0.423714	
802	 17.576571	  4.572850	 15.960700	 -0.575334	 -0.884383	 -0.391683	
803	 29.867760	 16.274193	 10.791907	 -0.266313	 -0.342294	 -0.893296	
804	 14.204998	  6.120682	 29.493069	  0.300504	 -0.511584	  0.804971	
805	  3.853266	  3.027772	 17.401794	  0.724775	 -0.602024	 -0.335065	
806	  7.536750	 10.922984	 14.400829	 -0.200937	 -0.920018	 -0.336440	
807	 11.508453	  2.689688	 21.121035	 -0.351848	 -0.277778	 -0.893892	
808	 11.645342	 14.687382	 23.337656	 -0.326659	  0.121197	  0.937339	
809	 14.825845	 18.382626	 15.067779	  0.156946	 -0.076337	 -0.101519	
810	 27.854004	 22.820839	  4.631201	  0.448114	  0.351352	 -0.446968	
811	 24.340084	  7.314369	 21.375147	 -0.691043	 -0.129954	 -0.197733	
812	  1.375511	 13.109160	 29.958931	  0.210671	  0.864384	 -0.456572	
813	 13.133812	 13.866616	 14.393009	  0.666721	  0.381522	 -1.100832	
814	 28.900486	 16.850275	  9.182755	 -0.289868	  0.038690	 -0.244321	
815	  5.447147	  8.135570	  8.634645	 -0.631019	 -0.671301	 -0.241889	
816	 20.336767	  1.596001	  3.451252	 -0.836116	 -0.514023	 -0.191547	
817	 14.293570	 20.290745	 21.564793	 -0.123115	 -0.991950	 -0.029636	
818	 14.423772	 12.395169	  1.244401	 -0.384306	  0.159104	 -0.909393	
819	 16.757528	 25.597857	  3.830933	  0.925132	  0.239555	 -0.759509	
820	  7.410506	  2.826477	 23.467484	  0.731362	  0.285212	 -0.034095	
821	 25.244726	 21.561737	 27.011307	 -0.134984	 -0.982151	  0.130992	
822	 17.255816	  3.236225	 13.814532	  0.046178	  0.560807	 -0.826658	
823	 23.701891	 10.444176	 29.536627	  0.985698	  0.090277	  0.142300	
824	 19.766218	 12.395262	 17.598223	  0.512586	 -0.794229	 -0.395770	
825	 26.868668	 17.625376	 13.752336	 -0.105892	  0.913923	 -0.391832	
826	  8.150930	 17.138353	 26.607244	  0.266112	  0.200168	  0.942930	
827	  7.120806	  1.021574	 16.140181	 -0.897580	  0.094699	 -0.430561	
828	 13.587691	 13.119869	 24.223530	  0.258237	  0.702202	  0.663495	
829	  1.781043	 18.299440	  3.671320	 -0.963212	  0.267878	 -0.021520	
830	 11.450519	 17.701881	 15.295406	 -0.590076	 -0.480362	  0.820310	
831	 20.443169	 13.990672	 23.888620	  0.734825	 -0.179318	 -0.654123	
832	  5.950322	  1.912537	  0.374003	  0.731240	  0.313047	  0.606044	
833	 21.246510	  8.843487	 14.623344	  0.844127	  0.089991	  0.528537	
834	 29.716249	  5.583730	 25.864346	  0.956637	 -0.285783	  0.056333	
835	 16.599905	 14.808020	 15.358173	 -0.452063	  0.253040	  1.040768	
836	 10.206910	  6.847007	 12.659578	 -0.304778	 -0.550024	 -0.777550	
837	 10.000990	 27.324347	 26.653587	 -0.438797	 -0.229608	 -0.868756	
838	 17.747133	  6.938947	  9.654137	  0.184241	 -0.706961	  0.682834	
839	  0.382708	  4.729518	  0.640513	  0.476901	  0.204052	  0.854943	
840	 15.191588	 28.120867	 24.303745	  0.639997	  0.013397	  0.768261	
841	 20.493090	 15.039514	 11.568676	  0.096772	 -0.084234	  0.404836	
842	 15.656876	 20.363386	 16.669842	  0.352940	  0.483216	 -0.801209	
843	  2.348717	 10.947177	  9.150414	 -0.002390	 -0.671054	  0.741404	
844	  5.732402	  8.630755	  7.768693	  0.368440	  0.082262	 -0.926005	
845	 23.039988	 21.800203	  8.923165	 -0.218680	  0.893325	  0.392618	
846	  8.679570	  7.138885	 17.641903	  0.896981	 -0.435464	 -0.076139	
847	 27.347561	  5.817540	  2.200667	  0.783353	 -0.611658	 -0.110606	
848	  4.935540	  0.791255	 22.082115	 -0.719326	 -0.695137	 -0.618027	
849	 15.787645	 16.690489	 11.009845	  0.909209	  0.308949	  0.279086	
850	 25.081194	 10.366566	 15.637505	 -0.433155	  0.848325	 -0.304502	
851	 23.010546	  2.692508	  3.530405	 -0.906502	  0.396927	  0.143887	
852	 21.603378	 18.414043	 14.174206	  0.095008	  0.206848	  0.973749	
853	  5.776565	 11.808183	  7.957693	  0.056519	  0.923741	 -0.378825	
854	  8.072699	 14.847988	 24.707243	 -0.123032	  0.332092	 -0.935189	
855	 21.534321	 11.002337	  7.917908	 -0.981174	  0.028398	 -0.191024	
856	  5.721273	 16.864822	 23.149345	  0.372012	 -0.750966	  0.545580	
857	 23.885708	  3.540196	 22.956379	 -0.721754	 -0.649411	 -0.239451	
858	  0.572255	 17.289356	 26.361217	 -0.880939	  0.044583	 -0.471124	
859	 17.593670	 28.594742	 21.768639	 -0.616097	 -0.769328	 -0.168996	
860	  4.408324	 19.031614	 22.727537	  0.049007	 -0.109595	 -0.992767	
861	 22.848078	 23.925232	 12.991734	  0.027952	 -1.242025	  0.158802	
862	 23.040735	 15.634813	 24.264103	  0.028439	  0.871514	  0.489546	
863	 11.087548	  7.941441	 20.402422	  0.081310	  0.345047	  0.935057	
864	  6.400661	 23.070484	  5.510833	 -0.712931	  0.194898	 -0.673605	
865	 20.553289	 16.629108	 28.712759	  0.820312	  0.377891	 -0.429286	
866	  9.654345	  5.290671	  2.778657	  0.172946	 -0.028635	  0.984515	
867	 12.001974	  7.282119	 25.824467	 -0.001737	 -0.867626	  0.497214	
868	  8.190075	  1.993775	 27.972223	  0.111885	 -0.861411	 -0.495433	
869	 17.027452	 11.279160	 19.145779	  0.012150	  0.925527	 -0.378487	
870	 18.500134	 21.154005	 21.924675	 -0.357102	  0.746642	 -0.561252	
871	 18.844749	 14.027596	  8.702253	  0.931757	 -0.213366	  0.293775	
872	 25.061609	 17.585693	 15.045053	 -0.033235	  0.754955	 -0.654934	
873	 11.391348	 23.781242	 22.868412	 -0.944063	  0.273154	 -0.184749	
874	  4.894786	 27.532900	 25.554466	 -0.866193	  0.486082	 -0.115909	
875	  6.309824	 29.764294	 23.243301	 -0.884065	 -0.055032	  0.464113	
876	 27.152206	  4.197034	  5.013583	 -0.482639	  0.847482	  0.220984	
877	 25.964991	 27.751583	 14.015316	 -0.002117	 -0.231552	  0.496678	
878	 21.165113	 17.324507	  8.505398	 -0.255866	 -0.488937	  0.833951	
879	 11.844154	 19.796261	 23.222214	  0.159981	  0.275891	 -0.947782	
880	 15.648081	 27.411421	  9.721111	  0.726633	  0.283099	 -0.625986	
881	  6.037054	 12.634592	  3.941771	  0.566001	 -0.580844	  0.585033	
882	 26.283747	 10.519367	 10.536570	 -0.345090	 -0.291921	 -0.268063	
883	  0.517100	 23.759933	 16.740307	  0.242926	 -0.814350	  0.527087	
884	  1.591542	 13.012298	 27.232422	  0.541055	  0.578995	  0.609938	
885	 10.704178	 26.195910	 20.492338	 -0.613182	  0.370165	  0.697843	
886	 23.054152	 11.572821	 22.291574	  0.908486	 -0.340316	  0.242565	
887	 21.584320	  1.693262	 14.977535	 -0.933738	  0.170241	  0.314882	
888	 27.929577	 29.316380	 14.268965	  0.733020	  0.203592	  0.649024	
889	 12.569735	 10.370613	 13.340660	  0.099529	  0.951197	 -0.900939	
890	 25.488268	 25.919197	 12.163869	  0.921680	 -0.190359	 -0.338036	
891	  9.675293	 12.598059	 13.160283	 -0.120157	 -0.434689	  0.892529	
892	 19.088337	  1.006508	 27.781477	 -0.442029	  0.056474	 -0.895221	
893	  4.432702	  2.562721	 22.050716	  0.775025	 -0.400017	 -0.489205	
894	 20.514568	  7.645735	  6.509860	  0.094567	  0.736485	  0.669811	
895	 22.161945	  3.719646	 23.289886	 -0.410684	 -0.176838	  0.894465	
896	 18.210842	 24.456198	 20.350578	 -0.308694	 -0.480907	 -0.820632	
897	  6.893239	 23.269974	 14.433056	 -0.019430	 -0.990323	 -0.137412	
898	 17.281630	 16.874790	 15.574555	 -0.076743	  0.858460	  0.158792	
899	  8.032818	 17.835482	 12.330584	 -0.230818	  0.273540	 -0.933755	
900	  3.189590	 17.231110	 12.805856	 -0.056134	 -0.843228	  0.534616	
901	  1.324864	  3.172723	 22.207756	 -0.548407	  0.628955	 -0.551058	
902	 25.109806	  0.634135	 28.792112	 -0.462199	 -0.746798	  0.478189	
903	 25.145515	 15.495546	  8.657627	  0.405676	  0.849155	 -0.338176	
904	 25.995773	 25.018715	  1.403521	 -0.056539	  0.102003	  0.993176	
905	  8.332115	 17.608047	  0.921187	  0.465569	 -0.250993	 -0.848675	
906	  6.342046	  9.812308	  3.446690	 -0.551961	  0.749002	  0.366519	
907	 28.256779	 15.676601	 19.028627	 -0.429157	 -0.878484	  0.209978	
908	 24.299122	 24.609623	  2.909835	  0.974785	  0.131530	  0.180259	
909	 18.004192	 28.074162	 26.108925	 -0.312719	  0.536269	 -0.907663	
910	 15.930771	  8.028409	 16.286222	 -0.932514	  0.333579	 -0.138356	
911	 28.198835	 22.943542	 13.558952	 -0.838619	  0.529530	  0.627732	
912	  3.209661	 29.340094	  5.317001	 -0.222033	  0.796984	 -0.561709	
913	 21.106020	 10.011186	 19.905655	 -0.149227	  0.384364	  0.911041	
914	 28.018158	  4.332652	 25.278141	  0.277662	 -0.922904	  0.266745	
915	 22.300854	 13.220246	 16.177118	  0.851829	 -0.187630	  0.489063	
916	  1.083718	 14.753246	 22.705769	 -0.156493	 -0.971009	 -0.180699	
917	  6.634101	 18.223162	 24.660635	  0.411403	  0.552104	 -0.131058	
918	  6.781357	 14.385153	 21.272610	 -0.887334	  0.222164	  0.236148	
919	  2.254907	 23.143858	 13.160173	  0.546007	  0.427425	  0.720544	
920	  0.223316	  1.797147	 29.077621	 -0.030525	 -0.248647	  0.968113	
921	  3.754514	  0.344001	 29.617205	  0.414504	 -0.349676	 -0.874832	
922	 17.892654	 23.440125	 20.238989	  0.636716	  0.542116	 -0.548365	
923	  9.909361	 23.942583	 26.667400	 -0.071259	  0.783833	  0.616869	
924	 22.962418	 19.770134	 11.464980	  0.197130	  0.235716	  0.010456	
925	  2.886970	  9.793506	 28.864336	  0.944686	  0.296640	  0.139906	
926	 24.593613	 26.509249	 13.646343	  0.133440	  0.796667	 -0.589505	
927	 14.364580	 24.570885	  8.372869	 -1.164636	  1.013497	 -0.454550	
928	 10.230392	 26.202038	 10.024173	  0.018023	  0.395515	  0.152245	
929	 19.628399	 17.351858	  7.023354	 -0.918009	  0.032731	 -0.480445	
930	 23.775738	 24.582779	 25.931854	 -0.093167	 -0.362043	  0.927494	
931	 19.074554	 14.595579	  9.142732	  0.163352	 -0.288159	  1.020516	
932	 10.090432	 11.668097	 16.995474	 -0.012338	 -0.510274	 -0.920317	
933	 21.107655	  9.931108	 26.823114	 -0.968755	  0.242021	 -0.054222	
934	 28.939571	  3.913022	  1.371431	  0.630791	  0.769723	  0.098126	
935	 13.579644	  3.570688	  5.467656	 -0.525208	  0.739038	  0.679441	
936	 27.895061	 27.558764	 19.149715	  0.207597	  0.753909	  0.623317	
937	  4.713039	 24.146427	 16.124910	  0.850440	 -0.516054	  0.102176	
938	 21.998650	 18.583128	 29.615852	  0.234439	  0.955542	 -0.178826	
939	  9.021471	  3.325313	 10.578024	 -0.421404	  0.186485	 -0.887492	
940	  6.865063	  9.967947	 23.254963	 -0.080022	  0.494488	  0.865493	
941	 25.648094	 13.231888	 10.297859	  0.163018	 -0.963747	  0.211228	
942	 24.653339	  8.573271	 13.282526	  0.518109	 -0.600761	  0.608810	
943	 12.667053	 10.633156	 25.746855	 -1.091877	  0.413002	  0.314053	
944	 11.410121	 14.741654	 13.337026	  0.115615	  0.940060	 -0.352840	
945	 16.716696	 24.362558	  2.142186	  0.070935	 -0.403014	  0.957209	
946	  0.477853	  1.646072	 10.057540	 -0.606501	  0.766139	  0.212576	
947	  4.931960	 19.750692	  6.477304	  0.633897	  0.470973	 -0.613481	
948	  5.157096	 20.377588	 22.032965	  0.124346	 -0.674030	 -1.227154	
949	 10.795598	  8.477523	 28.437788	 -0.469658	 -0.084983	 -0.182627	
950	 20.412106	 29.142038	 29.716692	  0.340724	  0.667587	 -0.661993	
951	 25.718235	 26.905146	 16.473906	 -0.450639	  0.892688	 -0.005704	
952	 29.104328	 10.718359	 13.899695	 -0.637506	 -0.275371	 -0.719553	
953	 28.102976	  0.484997	 16.531748	  0.975883	  0.218008	 -0.011182	
954	  8.523830	  0.592377	  9.330790	 -0.931898	  0.242420	 -0.269812	
955	 11.415051	 19.054359	 16.045185	  0.232589	  0.970498	 -0.063535	
956	 11.919524	 13.860476	 14.784041	  0.392322	 -0.488984	  0.779088	
957	 20.601816	 24.237579	 23.559172	 -0.453938	  0.076744	  0.887722	
958	 19.183809	  2.379493	  1.717182	 -0.369913	  0.520758	 -0.769400	
959	 21.859901	  7.780577	  7.624452	  0.285107	  0.334649	  0.898178	
960	 29.881876	 21.100521	  2.390777	  0.572866	 -0.806998	 -0.143452	
961	 28.481609	 20.041224	 20.796726	  0.833276	  0.493069	  0.250071	
962	 11.140124	 10.009930	  2.725089	  0.682205	  0.063222	  0.854091	
963	  0.275867	  4.749739	 19.739243	  0.365861	  0.414059	 -1.060992	
964	 24.162134	 16.523739	  6.661764	 -0.086830	  0.337720	 -0.937233	
965	 27.382502	 26.486635	 11.380668	  0.910860	 -0.214266	 -0.048925	
966	  0.784622	 29.143469	 21.405100	 -0.277584	 -0.584547	 -0.762399	
967	 16.088947	 19.772543	 22.009901	  0.406978	 -0.344128	  0.846135	
968	 25.023756	 28.391472	  8.556683	 -0.499423	 -0.758721	  1.047284	
969	 10.378036	 20.970514	 11.627903	  0.011466	  0.407837	  0.912983	
970	 13.488676	 17.168110	  9.141524	 -0.296575	  0.926887	 -0.230053	
971	  4.377666	  1.144039	  3.304981	 -0.615252	  0.298295	  0.729716	
972	 11.799156	 28.368071	 12.536090	  0.253307	  0.404386	 -0.878810	
973	 23.607235	 17.445557	 23.433720	 -0.644150	 -0.423109	  0.039560	
974	 16.923000	 26.576826	  5.347613	 -1.278189	 -0.183067	 -0.180023	
975	  0.830947	 10.941431	 21.701077	  0.070501	  0.454957	  0.726306	
976	 29.435772	 13.640409	 15.605199	  0.446172	  0.822438	 -0.352882	
977	  4.241733	 28.870045	  3.729322	  0.450429	  0.656229	 -0.605374	
978	  5.470208	 23.360481	 23.689159	 -0.770599	  0.334601	 -0.542420	
979	 20.166599	  2.102712	  0.693706	 -0.659664	  0.501368	  0.559887	
980	 29.013517	 15.375938	 12.869611	 -0.778386	 -0.398189	  0.485346	
981	 23.719435	 16.343168	  8.956435	  0.756418	  0.542197	  0.365862	
982	 18.011724	 27.270683	  6.646681	 -0.231720	  0.123864	 -0.964864	
983	  8.839555	 23.315952	 29.599104	  0.566354	  0.809644	 -0.697812	
984	 28.894587	  1.348177	 14.965948	 -0.564443	 -0.518204	  0.160049	
985	  7.191163	 23.653069	 24.812399	  0.938486	  0.025117	  0.344401	
986	 27.500204	  5.846353	  1.884866	 -0.419473	  0.135490	  0.897599	
987	  4.949069	 28.847044	 10.723726	  0.061224	  0.994326	  0.086987	
988	 25.576746	 14.855778	  8.090323	 -0.286158	 -0.927171	 -0.241800	
989	 23.687712	 26.005163	 17.655882	  0.604807	  0.440333	 -0.448838	
990	 25.514906	 19.147017	 12.232288	  0.199840	 -0.919826	  0.337616	
991	 16.942493	 18.944710	 27.437397	 -0.270479	  0.338564	  0.901230	
992	 10.069551	  6.257554	  4.399234	  0.895631	 -0.039990	  0.442995	
993	  5.544785	 22.892452	 26.477850	  0.604049	  0.236999	 -0.760892	
994	  2.270108	  4.450552	 14.270353	 -0.381677	 -0.574583	 -0.724001	
995	 13.205003	  8.195944	 17.804146	  0.287443	  0.436336	  0.024768	
996	  0.218127	 27.344719	 12.853258	  0.294720	 -0.194200	  0.763745	
997	 28.783865	 10.564881	 11.699679	 -0.705010	  0.658377	 -0.263630	
998	  4.355054	  2.987991	 22.276325	  0.265534	 -0.143923	 -0.805587	
999	 19.043507	 16.486053	  6.839661	 -0.331313	  0.039707	  0.852758	
